,,,,,,,,,,,,,,,
STT,Code,Hình thức,Định dạng,USP,Link mẫu,Nội dung content (key bài viết + cách triển khai),Ảnh,Caption,Link trả bài ,Comment,UTM,ADS,Tình trạng,,
1,code1,Storytelling page cá nhân,Post,"- AI đồng hành 1 kèm 1 mọi lúc mọi nơi
- Bài giảng biên soạn bám sát chương trình bộ giáo dục
- Luyện tập, luyện thi có đáp án và lời giải chi tiết
- Chi phí thấp, hiệu quả cao
- Bài giảng dễ hiểu, minh họa trực quan",,"* Key chính:
- Thiếu thời gian, kiến thức và mất kiên nhẫn trong việc dạy con
- Con tư duy logic kém, khó giải quyết vấn đề, làm bài máy móc không linh hoạt
* Triển khai:
- Học ở bên ngoài nhưng không hiệu quả chi phí cao
- Giới thiệu khóa học, các đặc điểm khóa học ở USP
- Hiệu quả thay đổi, ...
- CTA ",Ảnh,"Thời gian, kiến thức và kiên nhẫn là những gì em không có trong việc dạy con học!!","Thời gian, kiến thức và kiên nhẫn trong việc dạy con",ok,utm_source=FB&utm_medium=CVS&utm_campaign=img&utm_term=TUANTA&utm_content=code1,CVS_TUANTA_14/05_CODE1,,,
2,code2,PR,Post,"- Chi phí thấp từ 3k/ngày
- App toán tư duy ứng dụng AI thông minh, gia sư kèm 1:1
- Bài giảng trực quan sinh động, được biên soạn theo chương trình của BGD
- Phương pháp học độc đáo, tiên tiến sử dụng game hóa và cổ tích logic và bài luyện tập
- ",,"* Key chính:
-  30 Ngày Làm Chủ Môn Toán Với Gia Sư AI Kèm 1:1
* Triển khai:
- Nêu các đặc điểm khóa học ở USP
- CTA","Brief: 
- Tỉ lệ ảnh 1:1
- Title: 30 ngày làm chủ môn toán với ""gia sư"" AI 1 kèm 1
- Làm nổi bật: ""làm chủ"", ""Gia sư"" AI
- Hình ảnh chính: 1 em bé tự tin (đang ngồi học/ ...)
- Thiết kế theo style chung của page",30 Ngày Con Làm Chủ Môn Toán Với Gia Sư AI Kèm 1:1,30 Ngày Con Làm Chủ Môn Toán Với Gia Sư AI Kèm 1:1,"Content ok 
Brief ảnh sửa lại theo comment. Sửa xong thì có thể order ảnh luôn nhé.

Đã sửa brief 

ok",utm_source=FB&utm_medium=CVS&utm_campaign=img&utm_term=TUANTA&utm_content=code2,CVS_TUANTA_19/05_CODE2,,,
3,code3,Storytelling page cá nhân,Post,"- Chi phí học tập thấp chỉ từ 3k/ngày
- App toán tư duy AI thông minh , gia sư riêng với từng bạn",,"* Key chính:
- Chi chí học thêm bên ngoài, con đi học mà không thấy thay đổi nhiều, không cho đi học thì sợ tụt lùi so với các bạn
",,"CON TĂNG TỪ 4 LÊN 5 ĐIỂM THI HỌC KÌ MÔN TOÁN - ĐÓ LÀ NHỮNG GÌ EM NHẬN ĐƯỢC KHI TỐN HƠN 5 TRIỆU/THÁNG CHO CON ĐI HỌC NGOÀI",CON TĂNG TỪ 4 LÊN 5 ĐIỂM THI HỌC KÌ MÔN TOÁN - ĐÓ LÀ NHỮNG GÌ EM NHẬN ĐƯỢC KHI TỐN HƠN 5 TRIỆU/THÁNG CHO CON ĐI HỌC NGOÀI,"Đã comment

Đã sửa

ok",utm_source=FB&utm_medium=CVS&utm_campaign=img&utm_term=TUANTA&utm_content=code3,CVS_TUANTA_14/05_CODE3,,,
4,code5,Storytelling page cá nhân,Post,"- App toán tư duy ứng dụng AI thông minh, gia sư kèm 1:1
- Bài giảng trực quan sinh động, được biên soạn theo chương trình của BGD
- Phương pháp học độc đáo, tiên tiến sử dụng game hóa và cổ tích logic và bài luyện tập",,"* Key chính:
- Phương pháp dạy con đạt điềm cao môn toán
- Phụ huynh không có kỹ năng dạy học",,DẠY CON ĐẠT 9 ĐIỂM TOÁN – TƯỞNG KHÓ MÀ DỄ!!,DẠY CON ĐẠT 9 ĐIỂM TOÁN – TƯỞNG KHÓ MÀ DỄ,ok,utm_source=FB&utm_medium=CVS&utm_campaign=img&utm_term=TUANTA&utm_content=code5,CVS_TUANTA_14/05_CODE5,v,,
5,code4,Review,Post,"- App toán tư duy ứng dụng AI thông minh, gia sư kèm 1:1
- Các tính năng học tập trong ứng dụng
- Phương pháp học được gợi mở tư duy, không bị máy móc, khuôn mẫu",,"* Key chính:
- Sự khác biệt của đứa trẻ được học thêm toán tư duy và đứa trẻ chỉ được học toán thông thường",,ĐỨA TRẺ ĐƯỢC HỌC TOÁN TƯ DUY VƯỢT TRỘI HƠN CÁC BẠN ĐỒNG TRANG LỨA NHƯ THẾ NÀO?,ĐỨA TRẺ ĐƯỢC HỌC TOÁN TƯ DUY VƯỢT TRỘI HƠN CÁC BẠN ĐỒNG TRANG LỨA NHƯ THẾ NÀO,ok,utm_source=FB&utm_medium=CVS&utm_campaign=img&utm_term=TUANTA&utm_content=code4,CVS_TUANTA_14/05_CODE 4+6,v,,
6,code6,Review,Post,"- Gia sư AI đồng hành cùng con trong quá trình cá nhân hóa lộ trình.
- Nội dung, phương pháp dạy học trực quan sinh động, tư duy phân tích, giải đề.
- Chi phí học toán thấp chỉ từ 3.000đ/ngày",,"* Key chính:
- Review các tính năng của ứng dụng toán Kurio",,Review Hành Trình Dạy Con Học Toán với Ứng Dụng Kurio – Quyết Định Sáng Suốt Nhất Của Mình!,Review Hành Trình Dạy Con Học Toán với Ứng Dụng Kurio – Quyết Định Sáng Suốt Nhất Của Mình,"Sửa thông điệp học thử là ok

Đã sửa
ok",utm_source=FB&utm_medium=CVS&utm_campaign=img&utm_term=TUANTA&utm_content=code6,CVS_TUANTA_14/05_CODE 4+6,,,
7,code7,Storytelling page cá nhân,Post,"- App toán tư duy ứng dụng AI thông minh, gia sư kèm 1:1
- Bài giảng trực quan sinh động, được biên soạn theo chương trình của BGD
- Phương pháp học độc đáo, tiên tiến sử dụng game hóa và cổ tích logic và bài luyện tập",,"* Key chính:
- Đầu tư cho con học nhưng hiệu quả thấp, không đem lại thay đổi nhiều",,"CHO CON HỌC TOÁN TƯ DUY - TÔI KHÔNG NGẠI ĐẦU TƯ, TÔI CẦN HIỆU QUẢ","CHO CON HỌC TOÁN TƯ DUY - TÔI KHÔNG NGẠI ĐẦU TƯ, TÔI CẦN HIỆU QUẢ","Nội dung 3 bài này cơ bản là ok nhé, em có thể sử dụng. Nhưng em lưu ý có thể thay đổi 1 số cái sau: 

1. Cách xưng hô thì linh hoạt một chút ở các bài khác nhau. Bài xưng tôi thì bài xưng mình, các mẹ - em,... để cho nó đa dạng hơn và nghe cũng giống giọng văn của nhiều mẹ bỉm hơn 

2. Về đặt link tracking: Em có thể đặt thêm 1 link ở giữa bài ở ngay cái đoạn mà bắt đầu nói về Kurio ấy, tất nhiên là mình điều hướng CTA nhẹ nhàng kiểu tham khảo/đây app này... ko nặng nề quảng cáo như CTA đăng ký

3. Em viết thêm các dạng bài PR + ảnh/video khác để chạy thêm trên fanpage Kurio nhé, page Kurio chạy tỷ lệ chốt cũng ok đó. 

Đã sửa các xưng hô và thêm link điều hướng",,CVS_TUANTA_21/05_CODE7,m,,
8,code8,Storytelling page cá nhân,Post,"- Nhờ gia sư toán AI 1 kèm 1
- Bài giảng bám sát chương trình bộ giáo dục
- Luyện tập, luyện thi hàng tháng có bài giải chi tiết, được hướng dẫn tỉ mỉ",,"* Key chính:
- Tăng 5 điểm toán trong 2 tháng - Điều tưởng chừng không thể trong hành trình dạy con của tôi",,Tăng 5 điểm Toán trong 2 tháng – Điều tưởng chừng không thể trong hành trình dạy con của tôi.,Tăng 5 điểm Toán trong 2 tháng – Điều tưởng chừng không thể trong hành trình dạy con của tôi,,,CVS_TUANTA_21/05_CODE8,m,,
9,code9,Storytelling page cá nhân,Post,"- App toán tư duy ứng dụng AI thông minh, gia sư kèm 1:1
- Bài giảng trực quan sinh động, được biên soạn theo chương trình của BGD
- Phương pháp học độc đáo, tiên tiến sử dụng game hóa và cổ tích logic và bài luyện tập",,"* Key chính:
- Từ 1 đứa sợ toán, đến 1 học sinh đứng đầu lớp chỉ trong 1 học kì
- Từ làm bài máy móc, kh hiểu đề đến việc hiểu đề - biết phân tích bài",,Từ “ĐỘI SỔ” Toán trên lớp đến top 3 đầu bảng – Hành trình 6 tháng thay đổi của con,Từ “ĐỘI SỔ” Toán trên lớp đến top 3 đầu bảng – Hành trình 6 tháng thay đổi của con,,,CVS_TUANTA_21/05_CODE9,m,,
10,code10,PR,Post,"- Nhờ gia sư toán AI 1 kèm 1
- Bài giảng bám sát chương trình bộ giáo dục
- Luyện tập, luyện thi hàng tháng có bài giải chi tiết, được hướng dẫn tỉ mỉ",,"* Key chính:
- Tăng 3-5 điểm Toán sau kỳ nghỉ hè – Bí quyết từ “gia sư AI” 1 kèm 1","* Brief: 
- Tỉ lệ ảnh 1:1
- Title: Tăng 3-5 điểm Toán sau kỳ nghỉ hè
- Làm nổi bật: Tăng 3-5 điểm Toán
- hình ảnh: tùy chọn phù hợp với text
- CTA: Xem ngay
- Thiết kế theo style chung của page",Tăng 3-5 điểm Toán sau kỳ nghỉ hè – Bí quyết từ “gia sư AI” 1 kèm 1,📈 Tăng 3-5 điểm Toán sau kỳ nghỉ hè – Bí quyết từ “gia sư AI” 1 kèm 1,"Nội dung ok, em brief ảnh c duyệt luôn nhé

Đã thêm brief

Brief nd ok nhưng cái ảnh mẫu c đang thấy k khớp bố cục của em vs bố cục text trên ảnh mẫu. Nếu em muốn sử dụng y chang thì mô tả kỹ hơn cho design còn nếu ko thì cứ để design tự sáng tạo nhé. Cái này chủ động nhé ko cần gửi c duyệt lại. ",,CVS_TUANTA_20/05_CODE10+20,m,,
11,code11,"Storytelling/
Page Kurio",Video,"- Nhờ gia sư toán AI 1 kèm 1
- Bài giảng bám sát chương trình bộ giáo dục
- Luyện tập, luyện thi hàng tháng có bài giải chi tiết, được hướng dẫn tỉ mỉ",,"* Key chính:
- Thay đổi điểm số trong 3 tháng từ thi giữa kì đến thi cuối kì
- Tự giác học bài không còn sợ Toán",Video ads,HỌC 3 THÁNG - TOÁN TĂNG 3 ĐIỂM CÙNG GIA SƯ AI,HỌC 3 THÁNG - TOÁN TĂNG 3 ĐIỂM CÙNG GIA SƯ AI,ok,utm_source=FB&utm_medium=CVS&utm_campaign=img&utm_term=TUANTA&utm_content=code11,CVS_TUANTA_20/05_CODE11,,,
12,code12,"Storytelling/
Page Kurio",Video,"- Nhờ gia sư toán AI 1 kèm 1
- Bài giảng bám sát chương trình bộ giáo dục
- Luyện tập, luyện thi hàng tháng có bài giải chi tiết, được hướng dẫn tỉ mỉ",,"* Key chính:
- Con tự tin đạt trên 8 điểm toán thi học kỳ",Video sẵn,"TRÊN 8 ĐIỂM TOÁN HỌC KÌ II - QUÁ DỄ VỚI CON SAU 2 THÁNG HỌC TOÁN TƯ DUY
",TRÊN 8 ĐIỂM TOÁN HỌC KÌ II - QUÁ DỄ VỚI CON SAU 2 THÁNG HỌC TOÁN TƯ DUY,"ok nhưng bài này e ko chèn link nào vào bài à. Chỉ để link trên video đúng ko?

Em chèn thêm 1 link cuối bài và link trên video

ok",,CVS_TUANTA_20/05_CODE12,,,
13,code13,"Storytelling/
Page Kurio",Video,"- Nhờ gia sư toán AI 1 kèm 1
- Bài giảng bám sát chương trình bộ giáo dục
- Luyện tập, luyện thi hàng tháng có bài giải chi tiết, được hướng dẫn tỉ mỉ",,"* Key chính:
- Chi phí học toán tư duy cao nhưng không hiệu quả
- Cho con học toán tư duy sớm để không bỏ lỡ giai đoạn vàng",Video sẵn,"CHI 20 TRIỆU CHỈ ĐỂ NHẬN VỀ … SỰ THẤT VỌNG SAU 3 THÁNG HỌC TOÁN TƯ DUY",CHI 20 TRIỆU CHỈ ĐỂ NHẬN VỀ … SỰ THẤT VỌNG SAU 3 THÁNG HỌC TOÁN TƯ DUY,ok,,CVS_TUANTA_20/05_CODE13,,,
14,code14,PR,Post,"- App toán tư duy ứng dụng AI thông minh, gia sư kèm 1:1
- Bài giảng trực quan sinh động, được biên soạn theo chương trình của BGD
- Phương pháp học độc đáo, tiên tiến sử dụng game hóa và cổ tích logic và bài luyện tập",,"* Key chính:
- Giới thiệu app học toán, các tinh năng
- Chi phỉ chỉ 90k/tháng",Ảnh,"App học Toán tư duy Kurio – Trợ lý AI học Toán thông minh cho học sinh lớp 1-9, chỉ 90.000đ/tháng","🎯 App học Toán tư duy Kurio – Trợ lý AI học Toán thông minh cho học sinh lớp 1-9, chỉ 90",ok,,CVS_TUANTA_22/05_CODE14,,,
15,code15,PR,Post,"- App toán tư duy ứng dụng AI thông minh, gia sư kèm 1:1
- Bài giảng trực quan sinh động, được biên soạn theo chương trình của BGD
- Phương pháp học độc đáo, tiên tiến sử dụng game hóa và cổ tích logic và bài luyện tập",,"* Key chính:
- 30 ngày đột phá tư duy toán học cùng gia sư công nghệ AI
- Chi phí 3k/ngày",Ảnh,30 NGÀY ĐỘT PHÁ TƯ DUY TOÁN HỌC - CÙNG GIA SƯ CÔNG NGHỆ AI,📚 30 NGÀY ĐỘT PHÁ TƯ DUY TOÁN HỌC - CÙNG GIA SƯ CÔNG NGHỆ AI,ok,,CVS_TUANTA_22/05_CODE15,,,
16,code16,"Storytelling/
Page Kurio",Post,"- Nhờ gia sư toán AI 1 kèm 1
- Bài giảng bám sát chương trình bộ giáo dục
- Luyện tập, luyện thi hàng tháng có bài giải chi tiết, được hướng dẫn tỉ mỉ",,"* Key chính:
- Baì kiểm tra cuối kì điểm thấp -> kết quả thay đổi nhanh
- Con không hiểu bài, làm theo máy móc, ...",,"CON GÁI KHÓC NỨC NỞ VÌ 5 ĐIỂM KIỂM TRA TOÁN CUỐI KÌ
",CON GÁI KHÓC NỨC NỞ VÌ 5 ĐIỂM KIỂM TRA TOÁN CUỐI KÌ0,ok,,CVS_TUANTA_29/05_CODE16+18,,,
17,code17,"Storytelling/
Page Kurio",Video,"- Chi phí 90k/tháng
- Nhờ gia sư toán AI 1 kèm 1
- Bài giảng bám sát chương trình bộ giáo dục
- Luyện tập, luyện thi hàng tháng có bài giải chi tiết, được hướng dẫn tỉ mỉ",,"* Key chính:
- Chi phí chỉ từ 90k/tháng,...
- Con tự học, kết quả thay đổi,...",Video ads,Nhà em không ngờ chỉ phải bỏ ra 90k/tháng,Nhà em không ngờ chỉ phải bỏ ra 90k/tháng,ok,utm_source=fb&utm_medium=cvs&utm_campaign=img&utm_term=tuanta&utm_content=code17,CVS_TUANTA_29/05_CODE17+22,,,
18,code18,Storytelling page cá nhân,Post,"- Chi phí 90k/tháng
- Nhờ gia sư toán AI 1 kèm 1
- Bài giảng bám sát chương trình bộ giáo dục
- Luyện tập, luyện thi hàng tháng có bài giải chi tiết, được hướng dẫn tỉ mỉ",,"* Key chính:
- Giải pháp để con tự học hè, ôn tập kiến thức cũ, tiếp cận kiến thức mới
- Con thi cuối kỳ điểm thấp cần cải thiện trong hè",,"""MẸ ƠI, CON XIN LỖI VÌ CHỈ ĐƯỢC CÓ 6 ĐIỂM TOÁN…""","""MẸ ƠI, CON XIN LỖI VÌ CHỈ ĐƯỢC CÓ 6 ĐIỂM TOÁN…""",ok,,CVS_TUANTA_29/05_CODE16+18,,,
19,code19,Storytelling page cá nhân,Post,"- App toán tư duy ứng dụng AI thông minh, gia sư kèm 1:1
- Bài giảng trực quan sinh động, được biên soạn theo chương trình của BGD
- Phương pháp học độc đáo, tiên tiến sử dụng game hóa và cổ tích logic và bài luyện tập",,"* Key chính:
- Con học cả ngày, sáng chiều tối mà kết quả không thay đổi là bao
- Con sợ toán, sợ học",,HÈ NÀY CON CHỈ MUỐN… NGHỈ MỘT CHÚT!,HÈ NÀY CON CHỈ MUỐN… NGHỈ MỘT CHÚT,Đã comment,,CVS_TUANTA_29/05_CODE19,,,
20,code20,PR,Post,"- App toán tư duy ứng dụng AI thông minh, gia sư kèm 1:1
- Bài giảng trực quan sinh động, được biên soạn theo chương trình của BGD
- Phương pháp học độc đáo, tiên tiến sử dụng game hóa và cổ tích logic và bài luyện tập",,"* Key chính:
- Làm chủ môn toán, giúp con chinh phục trường chuyên lớp chọn sau hè
- Con tự học hè, trợ lý gia sư AI 1 kèm 1","* Brief: 
- Tỉ lệ ảnh 1:1
- Title: LÀM CHỦ MÔN TOÁN – BỨT PHÁ VÀO TRƯỜNG CHUYÊN, LỚP CHỌN SAU MÙA HÈ
- Text chính 1: làm chủ môn toán 
- text chính 2: Bứt phá vào trường chuyên, lớp chọn (Nổi bật hơn text chính 1)
- text phụ: sau mùa hè
- hình ảnh: tùy chọn phù hợp với text
- CTA: Xem ngay
- Thiết kế theo style chung của page","LÀM CHỦ MÔN TOÁN – BỨT PHÁ VÀO TRƯỜNG CHUYÊN, LỚP CHỌN SAU MÙA HÈ","🎯 LÀM CHỦ MÔN TOÁN – BỨT PHÁ VÀO TRƯỜNG CHUYÊN, LỚP CHỌN SAU MÙA HÈ",Đã comment,,CVS_TUANTA_20/05_CODE10+20,,,
21,code21,PR,Post,"- App toán tư duy ứng dụng AI thông minh, gia sư kèm 1:1
- Bài giảng trực quan sinh động, được biên soạn theo chương trình của BGD
- Phương pháp học độc đáo, tiên tiến sử dụng game hóa và cổ tích logic và bài luyện tập",,"* Key chính:
-  CHIẾN THUẬT CHINH PHỤC TOÁN HỌC CHO HỌC SINH MẤT GỐC TRONG HÈ",Ảnh, CHIẾN THUẬT CHINH PHỤC TOÁN HỌC CHO HỌC SINH MẤT GỐC TRONG HÈ,🔥 CHIẾN THUẬT CHINH PHỤC TOÁN HỌC CHO HỌC SINH MẤT GỐC TRONG HÈ,Đã comment,,,,,
22,code22,Storytelling page cá nhân,Video,"- App toán tư duy ứng dụng AI thông minh, gia sư kèm 1:1
- Bài giảng trực quan sinh động, được biên soạn theo chương trình của BGD
- Phương pháp học độc đáo, tiên tiến sử dụng game hóa và cổ tích logic và bài luyện tập",,"* Key chính:
-  Bí kíp rèn con chăm chỉ học toán
- Giới thiệu các tính năng trong app",Video,[CHUYỆN MẸ KỂ] – Bí kíp rèn con chăm chỉ học Toán mà không cần quát mắng,[CHUYỆN MẸ KỂ] – Bí kíp rèn con chăm chỉ học Toán mà không cần quát mắng,ok,,CVS_TUANTA_29/05_CODE17+22,giang,,
23,code23,Storytelling page cá nhân,Video,"- App toán tư duy ứng dụng AI thông minh, gia sư kèm 1:1
- Bài giảng trực quan sinh động, được biên soạn theo chương trình của BGD
- Phương pháp học độc đáo, tiên tiến sử dụng game hóa và cổ tích logic và bài luyện tập",,"* Key chính:
-  Con học trường điểm nhưng điểm toán đứng bét lớp
- Đi học thêm nhiều nhưng không hiệu quả",Video,Con học trường điểm mà điểm Toán lại lẹt đẹt ,"""Con học trường điểm mà điểm Toán lại lẹt đẹt 😢""",ok,,CVS_TUANTA_29/05_CODE23+24,nhung,,
24,code24,Storytelling page cá nhân,Video,"- App toán tư duy ứng dụng AI thông minh, gia sư kèm 1:1
- Bài giảng trực quan sinh động, được biên soạn theo chương trình của BGD
- Phương pháp học độc đáo, tiên tiến sử dụng game hóa và cổ tích logic và bài luyện tập",,"* Key chính:
- Phải kèm con học toán mỗi tối mà kết quả kh đổi
- Con tư duy tốt nhưng mất tập trung",Video,"TĂNG XÔNG VÌ KÈM CON HỌC TOÁN",TĂNG XÔNG VÌ KÈM CON HỌC TOÁN,"ok
Tracking nhớ thêm tên bạn làm content video vào nhé",,CVS_TUANTA_29/05_CODE23+24,,,
25,code25,Storytelling page cá nhân,Video,"- App toán tư duy ứng dụng AI thông minh, gia sư kèm 1:1
- Bài giảng trực quan sinh động, được biên soạn theo chương trình của BGD
- Phương pháp học độc đáo, tiên tiến sử dụng game hóa và cổ tích logic và bài luyện tập",,"* Key chính:
- Sai phương pháp học tập cho con
- Con sợ toán",Video,"VỪA MẤT TIỀN OAN – CON VỪA MẤT HỨNG THÚ VỚI MÔN TOÁN
",VỪA MẤT TIỀN OAN – CON VỪA MẤT HỨNG THÚ VỚI MÔN TOÁN,"ok
Tracking nhớ thêm tên bạn làm content video vào nhé",utm_source=fb&utm_medium=cvs&utm_campaign=img&utm_term=nhungnt&utm_content=code25,CVS_TUANTA_10/06_NHUNGNT_,,,
26,code26,Storytelling page cá nhân,Post,"- Chi phí thấp từ 80k/tháng
- App toán tư duy ứng dụng AI thông minh, gia sư kèm 1:1
- Bài giảng trực quan sinh động, được biên soạn theo chương trình của BGD
- Phương pháp học độc đáo, tiên tiến sử dụng game hóa và cổ tích logic và bài luyện tập",,"* Key chính:
- Con mất gốc toán, thiếu kĩ năng tư duy giải quyết vấn đề 
- Cập nhật chương trình học nâng cao năng lực, tư duy nhưng trên trường thiếu không gian và thời gian",,“CƠN SỐT” TOÁN TƯ DUY – MÌNH CŨNG KHÔNG NGOÀI CUỘC!,“CƠN SỐT” TOÁN TƯ DUY,ok,utm_source=fb&utm_medium=cvs&utm_campaign=text&utm_term=tuanta&utm_content=code26,CVS_TUANTA_11/06_,,,
27,code27,Storytelling page cá nhân,Post,"- Chi phí thấp từ 80k/tháng
- App toán tư duy ứng dụng AI thông minh, gia sư kèm 1:1
- Bài giảng trực quan sinh động, được biên soạn theo chương trình của BGD
- Phương pháp học độc đáo, tiên tiến sử dụng game hóa và cổ tích logic và bài luyện tập",,"* Key chính:
- Sai phương pháp, tốn tiền 5tr 1 tháng cho con đi học mà kh hiệu quả",,TỐN 5 TRIỆU/THÁNG – NHẬN LẠI 5 ĐIỂM TOÁN HỌC KỲ I,TỐN 5 TRIỆU/THÁNG – NHẬN LẠI 5 ĐIỂM TOÁN HỌC KỲ I,ok,utm_source=fb&utm_medium=cvs&utm_campaign=text&utm_term=tuanta&utm_content=code27,CVS_TUANTA_11/06_,,,
28,code28,PR,Post,"- Chi phí thấp từ 80k/tháng
- App toán tư duy ứng dụng AI thông minh, gia sư kèm 1:1
- Bài giảng trực quan sinh động, được biên soạn theo chương trình của BGD
- Phương pháp học độc đáo, tiên tiến sử dụng game hóa và cổ tích logic và bài luyện tập",,"* Key chính:
- Chia sẻ về vấn đề trẻ em đang gặp khi học toán hiện nay",,"Tôi là giáo viên dạy Toán, và tôi vẫn khuyên phụ huynh cho con học thêm… Nhưng không phải học thêm kiểu cũ","Tôi là giáo viên dạy Toán, và tôi vẫn khuyên phụ huynh cho con học thêm… Nhưng không phải học thêm kiểu cũ",ok,utm_source=fb&utm_medium=cvs&utm_campaign=text&utm_term=tuanta&utm_content=code28,CVS_TUANTA_11/06_,,,
29,code29,Storytelling page cá nhân,Post,"- Chi phí thấp từ 80k/tháng
- App toán tư duy ứng dụng AI thông minh, gia sư kèm 1:1
- Bài giảng trực quan sinh động, được biên soạn theo chương trình của BGD
- Phương pháp học độc đáo, tiên tiến sử dụng game hóa và cổ tích logic và bài luyện tập",,"* Key chính:
- Con học trường điểm, nhưng học yếu điểm thấp, học thêm gv ở trường nhưng không hiệu quả
- Phương pháp học mới ở trong ứng dụng học toán kurio",,"“Con học trường điểm, đi học thêm khắp nơi, mà thi toán vẫn lẹt đẹt”","“Con học trường điểm, đi học thêm khắp nơi, mà thi toán vẫn lẹt đẹt” - Câu chuyện của chị đồng nghiệp","Đã cmt 

Đã sửa
 
ok",utm_source=fb&utm_medium=cvs&utm_campaign=text&utm_term=tuanta&utm_content=code29,code29+123,,,
30,code30,PR,Post,"- Chi phí thấp từ 80k/tháng
- App toán tư duy ứng dụng AI thông minh, gia sư kèm 1:1
- Bài giảng trực quan sinh động, được biên soạn theo chương trình của BGD
- Phương pháp học độc đáo, tiên tiến sử dụng game hóa và cổ tích logic và bài luyện tập",,"* Key chính:
- Giới thiệu app học toán, các tinh năng
- Chi phỉ chỉ 90k/tháng",Ảnh, KURIO – ỨNG DỤNG HỌC TOÁN TƯ DUY CHUẨN QUỐC TẾ DÀNH CHO TRẺ EM VIỆT NAM!,📣 KURIO – ỨNG DỤNG HỌC TOÁN TƯ DUY CHUẨN QUỐC TẾ DÀNH CHO TRẺ EM VIỆT NAM,"Đã cmt 

Đã sửa

ok",,"CVS_TUANTA_11/06_
",,,
31,code31,PR,Video,"- Chi phí 90k/tháng
- Nhờ gia sư toán AI 1 kèm 1
- Bài giảng bám sát chương trình bộ giáo dục
- Luyện tập, luyện thi hàng tháng có bài giải chi tiết, được hướng dẫn tỉ mỉ",,"* Key chính:
- Chi phí thấp 3k ngày, tặng toán tiếng anh
- Review ứng dụng, tính năng",Video,,"🎉 Chỉ 3K/ngày – Con vừa giỏi Toán Tiếng Việt, vừa thành thạo Toán Tiếng Anh","Đã cmt 

Đã sửa
ok",nhung,"CVS_TUANTA_10/06_NHUNGNT_
",,,
32,code32,Storytelling page cá nhân,Video,"- Chi phí 90k/tháng
- Nhờ gia sư toán AI 1 kèm 1
- Bài giảng bám sát chương trình bộ giáo dục
- Luyện tập, luyện thi hàng tháng có bài giải chi tiết, được hướng dẫn tỉ mỉ",,"* Key chính:
- Học toán tư duy kuio đồng hành cùng gia sư 1:1. điểm số tăng không phanh
",Video,"HỌC TOÁN CÙNG AI – CON ĐƯỢC KÈM 1:1 24/7, ĐIỂM SỐ TĂNG KHÔNG PHANH!","HỌC TOÁN CÙNG AI – CON ĐƯỢC KÈM 1:1 24/7, ĐIỂM SỐ TĂNG KHÔNG PHANH",ok,nhung,"CVS_TUANTA_10/06_CODE 32+33_NHUNGNT_
",,,
33,code33,Storytelling page cá nhân,Video,"- Chi phí 90k/tháng
- Nhờ gia sư toán AI 1 kèm 1
- Bài giảng bám sát chương trình bộ giáo dục
- Luyện tập, luyện thi hàng tháng có bài giải chi tiết, được hướng dẫn tỉ mỉ",,"* Key chính:
- Con lớp 4 giải toán lớp 5 nhoay nhoáy
- Giới thiệu các tính năng trong app",Video,CON LỚP 4 GIẢI NHOAY NHOÁY TOÁN LỚP 5 MÀ CHỈ HỌC TOÁN TƯ DUY,CON LỚP 4 GIẢI NHOAY NHOÁY TOÁN LỚP 5 MÀ CHỈ HỌC TOÁN TƯ DUY,ok,nhung,"CVS_TUANTA_10/06_CODE 32+33_NHUNGNT_
",,,
34,code34,PR,Post,"- Chi phí 90k/tháng
- Nhờ gia sư toán AI 1 kèm 1
- Bài giảng bám sát chương trình bộ giáo dục
- Luyện tập, luyện thi hàng tháng có bài giải chi tiết, được hướng dẫn tỉ mỉ",,"* Key chính:
- Giới thiệu app học toán, các tinh năng
- Chi phỉ chỉ 90k/tháng",Ảnh,"App học Toán tư duy Kurio – Trợ lý AI học Toán thông minh cho học sinh lớp 1-9, chỉ 90.000đ/tháng","🎯 App học Toán tư duy Kurio – Trợ lý AI học Toán thông minh cho học sinh lớp 1-9, chỉ 90",ok,,"CVS_TUANTA_11/06_
",,,
35,code35,Storytelling page cá nhân,Tiền Tiểu học,"- AI đồng hành 1 kèm 1 mọi lúc mọi nơi
- Luyện tập, luyện thi có đáp án và lời giải chi tiết
- Chi phí thấp, hiệu quả cao
- Bài giảng dễ hiểu, minh họa trực quan",,"* Key chính:
- Cho con đi học toán tư duy tiền tiểu học
- Review toán tiền tiểu học",,"Con mới 5 tuổi, học toán sớm làm gì? Ép con quá đấy! – Nhưng rồi ai cũng bất ngờ…","""Con mới 5 tuổi, học toán sớm làm gì",ok,utm_source=fb&utm_medium=cvs&utm_campaign=text-tth&utm_term=tuanta&utm_content=code35,"CVS_TUANTA_11/06_TTH_CODE 35+36+37
",,,
36,code36,Storytelling page cá nhân,Tiền Tiểu học,"- AI đồng hành 1 kèm 1 mọi lúc mọi nơi
- Luyện tập, luyện thi có đáp án và lời giải chi tiết
- Chi phí thấp, hiệu quả cao
- Bài giảng dễ hiểu, minh họa trực quan",,"* Key chính:
- Cho con đi học toán tư duy tiền tiểu học bị mọi người phải đối
- Review toán tiền tiểu học",,“Học chữ còn chưa xong mà bày đặt học toán! Tội con…”,“Học chữ còn chưa xong mà bày đặt học toán,"Đã cmt
Đã sửa
ok",utm_source=fb&utm_medium=cvs&utm_campaign=text-tth&utm_term=tuanta&utm_content=code36,"CVS_TUANTA_11/06_TTH_CODE 35+36+37
",,,
37,code37,Storytelling page cá nhân,Tiền Tiểu học,"- AI đồng hành 1 kèm 1 mọi lúc mọi nơi
- Luyện tập, luyện thi có đáp án và lời giải chi tiết
- Chi phí thấp, hiệu quả cao
- Bài giảng dễ hiểu, minh họa trực quan",,"* Key chính:
- Rèn tư duy sớm cho con trc khi vào lớp 1
",,"LÊN LỚP 1 – NHẸ TÊNH, NHỜ HỌC TƯ DUY TỪ SỚM","LÊN LỚP 1 – NHẸ TÊNH, NHỜ HỌC TƯ DUY TỪ SỚM","ok
C sửa rồi nhé, nhưng đọc cmt để lưu ý cho những bài sau",,"CVS_TUANTA_11/06_TTH_CODE 35+36+37
",,,
38,code38,PR,Tiền Tiểu học,"- AI đồng hành 1 kèm 1 mọi lúc mọi nơi
- Luyện tập, luyện thi có đáp án và lời giải chi tiết
- Chi phí thấp, hiệu quả cao
- Bài giảng dễ hiểu, minh họa trực quan",,"* Key chính:
- So sánh 2 đứa trẻ, sự khác biệt của đứa trẻ đc hoạc toán tư duy",,Góc nhìn chuyên gia toán tư duy: Hai đứa trẻ – Hai hành trình khác biệt,Góc nhìn chuyên gia toán tư duy: Hai đứa trẻ – Hai hành trình khác biệt,"Đã comment
Đã sửa
ok",,"CVS_TUANTA_12/06_TTH_CODE38+41
",,,
39,code39,PR,Video,"- AI đồng hành 1 kèm 1 mọi lúc mọi nơi
- Luyện tập, luyện thi có đáp án và lời giải chi tiết
- Chi phí thấp, hiệu quả cao
- Bài giảng dễ hiểu, minh họa trực quan",,"* Key chính:
- Giới thiệu app học toán, các tinh năng
- Chi phỉ chỉ 3k/ngày",Video,TOÁN TƯ DUY KURIO - GIA SƯ CÔNG NGHỆ AI 1 KÈM 1 HIỆU QUẢ HƠN GIÁO VIÊN,TOÁN TƯ DUY KURIO - GIA SƯ AI 1 KÈM 1 THAY THẾ GIÁO VIÊN,ok,,CVS_TUANTA_12/06,,,
40,code40,Storytelling page cá nhân,Video,"- AI đồng hành 1 kèm 1 mọi lúc mọi nơi
- Luyện tập, luyện thi có đáp án và lời giải chi tiết
- Chi phí thấp, hiệu quả cao
- Bài giảng dễ hiểu, minh họa trực quan",,,Video,Chi hơn 7 triệu cho cho 2 đứa học thêm toán nhưng kết quả vẫn dậm chân tại chỗ!!,Chi hơn 7 triệu cho cho 2 đứa học thêm toán nhưng kết quả vẫn dậm chân tại chỗ,ok,,CVS_TUANTA_12/06,,,
41,code41,PR,Tiền Tiểu học,"- AI đồng hành 1 kèm 1 mọi lúc mọi nơi
- Luyện tập, luyện thi có đáp án và lời giải chi tiết
- Chi phí thấp, hiệu quả cao
- Bài giảng dễ hiểu, minh họa trực quan",,"* Key chính:
- Giới thiệu toán tiền tiểu học",Ảnh,KHÓA HỌC TOÁN TƯ DUY TIỀN TIỂU HỌC - NẮM BẮT THỜI ĐIỂM VÀNG KHAI MỞ TƯ DUY TOÁN HỌC CHO CON,️🥇 KHÓA HỌC TOÁN TƯ DUY TIỀN TIỂU HỌC - NẮM BẮT THỜI ĐIỂM VÀNG KHAI MỞ TƯ DUY TOÁN HỌC CHO CON,ok,,"CVS_TUANTA_12/06_TTH_CODE38+41
",,,
42,code42,PR,Video,"- AI đồng hành 1 kèm 1 mọi lúc mọi nơi
- Luyện tập, luyện thi có đáp án và lời giải chi tiết
- Chi phí thấp, hiệu quả cao
- Bài giảng dễ hiểu, minh họa trực quan",,"* Key chính:
- Toán lớp 4 không chắc, lên lớp 5 không có cơ hội bù đắp
- Bù đắp kiến thức hổng trong hè ",Video ads,Lớp 4 con không nắm chắc kiến thức toán – Lên lớp 5 không còn cơ hội sửa sai,Lớp 4 con không nắm chắc kiến thức toán – Lên lớp 5 không còn cơ hội sửa sai,ok,,CVS_TUANTA_15/06_CODE42+43,,,
43,code43,PR,Video,"- AI đồng hành 1 kèm 1 mọi lúc mọi nơi
- Luyện tập, luyện thi có đáp án và lời giải chi tiết
- Chi phí thấp, hiệu quả cao
- Bài giảng dễ hiểu, minh họa trực quan",,"* Key chính:
- Con lớp 2 mà tính toán vẫn phải đếm ngón tay",Video ads,⚠️ LÊN LỚP 2 MÀ CON TÍNH TOÁN VẪN PHẢI ĐẾM NGÓN TAY,⚠️ LÊN LỚP 2 MÀ CON TÍNH TOÁN VẪN PHẢI ĐẾM NGÓN TAY,,,CVS_TUANTA_15/06_CODE42+43,,,
44,code44,PR,Video,"- AI đồng hành 1 kèm 1 mọi lúc mọi nơi
- Luyện tập, luyện thi có đáp án và lời giải chi tiết
- Chi phí thấp, hiệu quả cao
- Bài giảng dễ hiểu, minh họa trực quan",,"* Key chính:
- Con liên tục đạt 8,9 điểm toán nhờ học kurio",Video,"CON LIÊN TỤC ĐẠT ĐIỂM 8,9 MÔN TOÁN NHỜ HỌC KURIO!","🌟 CON LIÊN TỤC ĐẠT ĐIỂM 8,9 MÔN TOÁN NHỜ HỌC KURIO",ok,,CVS_TUANTA_15/06_CODE44+45,,,
45,code45,PR,Video,"- AI đồng hành 1 kèm 1 mọi lúc mọi nơi
- Luyện tập, luyện thi có đáp án và lời giải chi tiết
- Chi phí thấp, hiệu quả cao
- Bài giảng dễ hiểu, minh họa trực quan",,"* Key chính:
- Đầu tư chi phí thấp cho con",Video,THU NHẬP 50TR NHƯNG CHI CHƯA TỚI 100K/THÁNG CHO CON HỌC TOÁN,THU NHẬP 50TR NHƯNG CHI CHƯA TỚI 100K/THÁNG CHO CON HỌC TOÁN,ok,,CVS_TUANTA_15/06_CODE44+45,,,
46,code46,Storytelling page cá nhân,Post,"- AI đồng hành 1 kèm 1 mọi lúc mọi nơi
- Luyện tập, luyện thi có đáp án và lời giải chi tiết
- Chi phí thấp, hiệu quả cao
- Bài giảng dễ hiểu, minh họa trực quan",,"* Key chính:
- Con học trước quên sau, học trung tâm gia sư kh hiệu quả",,HỌC TRƯỚC QUÊN SAU - HỌC THÊM CẢ NĂM THI TOÁN VẪN 6  ĐIỂM,HỌC TRƯỚC QUÊN SAU - HỌC THÊM CẢ NĂM THI TOÁN VẪN 6  ĐIỂM,ok,,CVS_TUANTA_15/06_CODE46+47+48,,,
47,code47,Storytelling page cá nhân,Post,"- AI đồng hành 1 kèm 1 mọi lúc mọi nơi
- Luyện tập, luyện thi có đáp án và lời giải chi tiết
- Chi phí thấp, hiệu quả cao
- Bài giảng dễ hiểu, minh họa trực quan",,"* Key chính:
- Không cho học thêm hè, phương pháp học hè cho con",Ảnh,KHÔNG CHO HỌC THÊM HÈ – CON ĐÃ YẾU GIỜ LẠI CÀNG YẾU… BIẾT PHẢI LÀM SAO?,KHÔNG CHO HỌC THÊM HÈ – CON ĐÃ YẾU GIỜ LẠI CÀNG YẾU… BIẾT PHẢI LÀM SAO,"đã cmt
đã sửa",,CVS_TUANTA_15/06_CODE46+47+48,,,
48,code48,Storytelling page cá nhân,Post,"- AI đồng hành 1 kèm 1 mọi lúc mọi nơi
- Luyện tập, luyện thi có đáp án và lời giải chi tiết
- Chi phí thấp, hiệu quả cao
- Bài giảng dễ hiểu, minh họa trực quan",,"* Key chính:
- Bỏ tiền đầu tư cho con học hè mà không hiệu quả",,BỎ 12 TRIỆU CHO CON HỌC HÈ – NHẬN VỀ KẾT QUẢ NGÃ NGỬA!,BỎ 12 TRIỆU CHO CON HỌC HÈ – NHẬN VỀ KẾT QUẢ NGÃ NGỬA,ok,,CVS_TUANTA_15/06_CODE46+47+48,,,
49,code49,PR,Video,"- AI đồng hành 1 kèm 1 mọi lúc mọi nơi
- Luyện tập, luyện thi có đáp án và lời giải chi tiết
- Chi phí thấp, hiệu quả cao
- Bài giảng dễ hiểu, minh họa trực quan",,"* Key chính:
- Toán lớp 4 khó - hổng kiến thức nền tảng lên lớp 5 và thi chuyển cấp",Video ads,TOÁN LỚP 4 QUÁ TẢI – PHỤ HUYNH ĐAU ĐẦU TÌM GIẢI PHÁP HỌC HIỆU QUẢ CHO CON,TOÁN LỚP 4 QUÁ TẢI – PHỤ HUYNH ĐAU ĐẦU TÌM GIẢI PHÁP HỌC HIỆU QUẢ CHO CON,"Video nhiều voice thế e ơi, em dùng 1 cái thôi nhé, c thấy có 3 voice lận. 
Content text ok
Đã sửa đồng nhất voice
c thấy video vẫn thế => Check lại nhé
em sửa link rồi ạ
ok => Em vẫn chạy page vệ tinh nhé",,CVS_TUANTA_17/06,,,
50,code50,PR,Video,"- AI đồng hành 1 kèm 1 mọi lúc mọi nơi
- Luyện tập, luyện thi có đáp án và lời giải chi tiết
- Chi phí thấp, hiệu quả cao
- Bài giảng dễ hiểu, minh họa trực quan",,"* Key chính:
- Lấy lại kiến thức trong hè",Video ads,CON MẤT GỐC TOÁN TỪ LỚP 1 ĐẾN LỚP 9 VẪN CÓ THỂ BỨT PHÁ NGAY TRONG HÈ!,CON MẤT GỐC TOÁN TỪ LỚP 1 ĐẾN LỚP 9 VẪN CÓ THỂ BỨT PHÁ NGAY TRONG HÈ,"Ok 
Em chạy page vệ tinh nhé",,CVS_TUANTA_17/06,,,
51,code51,Storytelling page cá nhân,Post,"- AI đồng hành 1 kèm 1 mọi lúc mọi nơi
- Luyện tập, luyện thi có đáp án và lời giải chi tiết
- Chi phí thấp, hiệu quả cao
- Bài giảng dễ hiểu, minh họa trực quan",,"* Key chính:
- Đầu tư cho con học thêm hè chi phí thấp",,"Không học lại hè, con sẽ hụt hơi khi vào năm học mới – nhưng học thêm vài triệu/tháng thì em không biết phải xoay sở vào đâu","Không học lại hè, con sẽ hụt hơi khi vào năm học mới – nhưng học thêm vài triệu/tháng thì em không biết phải xoay sở vào đâu",ok,,CVS_TUANTA_23/06_51+52,,,
52,code52,Storytelling page cá nhân,Post,"- AI đồng hành 1 kèm 1 mọi lúc mọi nơi
- Luyện tập, luyện thi có đáp án và lời giải chi tiết
- Chi phí thấp, hiệu quả cao
- Bài giảng dễ hiểu, minh họa trực quan",,"* Key chính:
- Đầu tư cho con học thêm hè chi phí thấp",,Nghe vô lý mà lại rất thuyết phục: Tiền học hè cả tháng của con chỉ tốn bằng một bữa cơm nhà 100k,Nghe vô lý mà lại rất thuyết phục: Tiền học hè cả tháng của con chỉ tốn bằng một bữa cơm nhà 100k,ok,,CVS_TUANTA_23/06_51+52,,,
53,code53,Tiền tiểu học,Video,"- AI đồng hành 1 kèm 1 mọi lúc mọi nơi
- Luyện tập, luyện thi có đáp án và lời giải chi tiết
- Chi phí thấp, hiệu quả cao
- Bài giảng dễ hiểu, minh họa trực quan",,"* Key chính:
- Giới thiệu khóa học toán tư duy, các tính năng","Video ads
Link sửa","Con 4 tuổi học tiền tiểu học là quá sớm, gây áp lực cho con?","""Con 4 tuổi học tiền tiểu học là quá sớm, gây áp lực cho con","Sửa lại video đoạn AI giải toán 1 chút nhé 
Caption ok
Đã sửa
ok (Từ các vid sau em sử dụng voice mới nhé)",,CVS_TUANTA_23/06_CODE53+57_TTH,X,,
54,code54,Tiền tiểu học,Post,"- AI đồng hành 1 kèm 1 mọi lúc mọi nơi
- Luyện tập, luyện thi có đáp án và lời giải chi tiết
- Chi phí thấp, hiệu quả cao
- Bài giảng dễ hiểu, minh họa trực quan",,"* Key chính:
- Giới thiệu khóa học toán tư duy, các tính năng",Ảnh,"🎯 Toán tư duy tiền tiểu học Kurio – Trợ lý AI đồng hành cùng bé 4–6 tuổi rèn tư duy toán học từ sớm, chỉ 62.000đ/tháng!","🎯 Toán tư duy tiền tiểu học Kurio – Trợ lý AI đồng hành cùng bé 4–6 tuổi rèn tư duy toán học từ sớm, chỉ 62",ok,,CVS_TUANTA_23/06_CODE54_TTH,,,
55,code55,PR,Video,"- AI đồng hành 1 kèm 1 mọi lúc mọi nơi
- Luyện tập, luyện thi có đáp án và lời giải chi tiết
- Chi phí thấp, hiệu quả cao
- Bài giảng dễ hiểu, minh họa trực quan",,"* Key chính:
- Hậu quả của việc con chơi kh học hè",Video ads,"Khối học sinh cấp 2 nếu nghỉ hè chỉ chơi mà không học, hậu quả sẽ rất khó lường khi bước vào năm học mới.","Khối học sinh cấp 2 nếu nghỉ hè chỉ chơi mà không học, hậu quả sẽ rất khó lường khi bước vào năm học mới",Em thêm title là đc nhé,,CVS_TUANTA_23/06_CODE55,,,
56,code56,Storytelling page cá nhân,Tiền tiểu học,"- AI đồng hành 1 kèm 1 mọi lúc mọi nơi
- Luyện tập, luyện thi có đáp án và lời giải chi tiết
- Chi phí thấp, hiệu quả cao
- Bài giảng dễ hiểu, minh họa trực quan",,"* Key chính:
- Sai phương pháp dạy con tiền tiểu học, ",,Dừng ngay việc dạy con tiền tiểu học tính toán bằng cách đếm ngón tay!,Dừng ngay việc dạy con tiền tiểu học tính toán bằng cách đếm ngón tay,ok,,CVS_TUANTA_23/06_CODE56+58_TTH,,,
57,code57,Storytelling page cá nhân,Tiền tiểu học,"- AI đồng hành 1 kèm 1 mọi lúc mọi nơi
- Luyện tập, luyện thi có đáp án và lời giải chi tiết
- Chi phí thấp, hiệu quả cao
- Bài giảng dễ hiểu, minh họa trực quan",,"* Key chính:
- Tiền tiểu học mà tính toán nhanh hơn học sinh lớp 2",Video ads,"Con 5 tuổi, hè này học toán tiền tiểu học tại nhà mà cộng trừ vẫn nhanh hơn học sinh lớp 2","Con 5 tuổi, hè này học toán tiền tiểu học tại nhà mà cộng trừ vẫn nhanh hơn học sinh lớp 2",ok,,CVS_TUANTA_23/06_CODE53+57_TTH,X,,
58,code58,Storytelling page cá nhân,Tiền tiểu học,"- AI đồng hành 1 kèm 1 mọi lúc mọi nơi
- Luyện tập, luyện thi có đáp án và lời giải chi tiết
- Chi phí thấp, hiệu quả cao
- Bài giảng dễ hiểu, minh họa trực quan",,"* Key chính:
- Tìm giáo viên toán tiền tiểu học có tâm quá khó",,"Thời buổi này, muốn tìm giáo viên dạy Toán tiền tiểu học có tâm — khó thật sự!","Thời buổi này, muốn tìm giáo viên dạy Toán tiền tiểu học có tâm — khó thật sự",ok,,CVS_TUANTA_23/06_CODE56+58_TTH,,,
59,code59,Storytelling page cá nhân,Tiền tiểu học,"- AI đồng hành 1 kèm 1 mọi lúc mọi nơi
- Luyện tập, luyện thi có đáp án và lời giải chi tiết
- Chi phí thấp, hiệu quả cao
- Bài giảng dễ hiểu, minh họa trực quan",,"* Key chính:
4–6 tuổi là ""giai đoạn vàng"" để phát triển tư duy logic, trí tuệ ngôn ngữ và kỹ năng học tập",,Giai Đoạn Vàng 4-6 Tuổi: Đừng Để Con Bỏ Lỡ Cơ Hội Phát Triển Tư Duy Vượt Trội!,Giai Đoạn Vàng 4-6 Tuổi: Đừng Để Con Bỏ Lỡ Cơ Hội Phát Triển Tư Duy Vượt Trội,ok,,,,,
60,code60,Storytelling page cá nhân,Tiền tiểu học,"- AI đồng hành 1 kèm 1 mọi lúc mọi nơi
- Luyện tập, luyện thi có đáp án và lời giải chi tiết
- Chi phí thấp, hiệu quả cao
- Bài giảng dễ hiểu, minh họa trực quan",,"* Key chính:
Khác biệt rõ rệt giữa trẻ được học Toán tư duy sớm và trẻ học theo lối truyền thống sau 6 tuổi",,"Toán Tư Duy Tiền Tiểu Học: Khác Biệt Nền Tảng Cho Sự Phát Triển Của Trẻ
",Toán Tư Duy Tiền Tiểu Học: Khác Biệt Nền Tảng Cho Sự Phát Triển Của Trẻ,ok,,,,,
61,code61,PR,Tiền tiểu học,"- AI đồng hành 1 kèm 1 mọi lúc mọi nơi
- Luyện tập, luyện thi có đáp án và lời giải chi tiết
- Chi phí thấp, hiệu quả cao
- Bài giảng dễ hiểu, minh họa trực quan",,"Khả năng suy luận, phản xạ tư duy nếu được kích hoạt từ sớm sẽ là nền tảng vững chắc cho toàn bộ quá trình học tập về sau",Ảnh,"Tăng Khả Năng Suy Luận, Phản Xạ Tư Duy Cho Con 4-6 Tuổi Qua Toán Tiền Tiểu Học","Tăng Khả Năng Suy Luận, Phản Xạ Tư Duy Cho Con 4-6 Tuổi Qua Toán Tiền Tiểu Học",ok,,CVS_TUANTA_23/06_CODE61_TTH,,,
62,code62,Storytelling page cá nhân,Tiền tiểu học,"- AI đồng hành 1 kèm 1 mọi lúc mọi nơi
- Luyện tập, luyện thi có đáp án và lời giải chi tiết
- Chi phí thấp, hiệu quả cao
- Bài giảng dễ hiểu, minh họa trực quan",,"Lo lắng con vào lớp 1 không theo kịp bạn bè, đặc biệt là ở trường điểm hoặc lớp chọn",,Vào Lớp 1 Rồi Mới Học Thì Sao Theo Kịp Các Bạn? – Nỗi Lo Của Người Làm Mẹ!,"""Vào Lớp 1 Rồi Mới Học Thì Sao Theo Kịp Các Bạn",ok,,,,,
63,code63,PR,Video,"- AI đồng hành 1 kèm 1 mọi lúc mọi nơi
- Luyện tập, luyện thi có đáp án và lời giải chi tiết
- Chi phí thấp, hiệu quả cao
- Bài giảng dễ hiểu, minh họa trực quan",,Phương pháp rèn con học với chi phí thấp mà vẫn hiệu quả,Video,"Chỉ 3K/Ngày: Bí Quyết Giúp Con Tự Giác Học Tập, Yêu Toán Và Bứt Phá Điểm Số!","Chỉ 3K/Ngày: Bí Quyết Giúp Con Tự Giác Học Tập, Yêu Toán Và Bứt Phá Điểm Số","Đã cmt
Đã sửa thẻ 2",,CVS_TUANTA_01/07_CODE63+66,,,"- Sửa lại hook liên quan đến toán tư duy
- Sửa lại câu dẫn link 2"
64,code64,PR,Tiền tiểu học,"- AI đồng hành 1 kèm 1 mọi lúc mọi nơi
- Luyện tập, luyện thi có đáp án và lời giải chi tiết
- Chi phí thấp, hiệu quả cao
- Bài giảng dễ hiểu, minh họa trực quan",,"Giới thiệu khóa học toán tiền tiểu hoch Kurio
Vấn đề mà các bạn nhỏ đều gặp phải trước khi vào lớp 1",Ảnh,"🎯 MỞ KHÓA TƯ DUY TIỀM NĂNG – VỮNG BƯỚC VÀO LỚP 1 CÙNG TOÁN KURIO",🎯 MỞ KHÓA TƯ DUY TIỀM NĂNG – VỮNG BƯỚC VÀO LỚP 1 CÙNG TOÁN KURIO,"Đã cmt
Đã sửa",,,,,
65,code65,PR,Tiền tiểu học,"- AI đồng hành 1 kèm 1 mọi lúc mọi nơi
- Luyện tập, luyện thi có đáp án và lời giải chi tiết
- Chi phí thấp, hiệu quả cao
- Bài giảng dễ hiểu, minh họa trực quan",,"Giới thiệu khóa học toán tiền tiểu hoch Kurio
Vấn đề mà các bạn nhỏ đều gặp phải trước khi vào lớp 1","Video ads
Video sửa sub","🎯 Trước 5 Tuổi: Kích Hoạt Tối Đa Não Bộ – Chìa Khóa Vàng Cho Tương Lai Con!
",🎯 Trước 5 Tuổi: Kích Hoạt Tối Đa Não Bộ – Chìa Khóa Vàng Cho Tương Lai Con,"Đã cmt
Đã sửa",,CVS_TUANTA_01/07_CODE65+69_TTH,chuyển page test lại,,
66,code66,PR,Video,"- AI đồng hành 1 kèm 1 mọi lúc mọi nơi
- Luyện tập, luyện thi có đáp án và lời giải chi tiết
- Chi phí thấp, hiệu quả cao
- Bài giảng dễ hiểu, minh họa trực quan",,"Học thêm ở trung tâm kh hiệu quả mất thời gian, tiền bạc",Video sẵn,3 NĂM HỌC THÊM KHÔNG BẰNG 3 THÁNG TỰ HỌC!,3 NĂM HỌC THÊM KHÔNG BẰNG 3 THÁNG TỰ HỌC,ok có thể chạy page Kurio (Ẩn hoặc public đều được),gianghh,CVS_TUANTA_01/07_CODE63+66,,,
67,code67,PR,Video,"- AI đồng hành 1 kèm 1 mọi lúc mọi nơi
- Luyện tập, luyện thi có đáp án và lời giải chi tiết
- Chi phí thấp, hiệu quả cao
- Bài giảng dễ hiểu, minh họa trực quan",,"Bố mẹ cho con học gia sư, chi phí cao nhưng không hiệu quả con điểm số vẫn lẹt đẹt",Video sẵn,DƯ TIỀN NHƯNG THIẾU KIẾN THỨC – PHÓ THÁC CON CHO GIA SƯ “DỎM”,DƯ TIỀN NHƯNG THIẾU KIẾN THỨC – PHÓ THÁC CON CHO GIA SƯ “DỎM”,ok,nhungnt,CVS_TUANTA_01/07_CODE67+68,,,
68,code68,PR,Video,"- AI đồng hành 1 kèm 1 mọi lúc mọi nơi
- Luyện tập, luyện thi có đáp án và lời giải chi tiết
- Chi phí thấp, hiệu quả cao
- Bài giảng dễ hiểu, minh họa trực quan",,Gia đình nhà giáo nhwung không dạy được toán cho con,Video sẵn,CẦM BÀI KIỂM TRA TOÁN 3 ĐIỂM CỦA CON – MÌNH KHÓC VÌ BẤT LỰC,CẦM BÀI KIỂM TRA TOÁN 3 ĐIỂM CỦA CON – MÌNH KHÓC VÌ BẤT LỰC,ok,nhungnt,CVS_TUANTA_01/07_CODE67+68,,,
69,code69,Tiền tiểu học,Video,"- AI đồng hành 1 kèm 1 mọi lúc mọi nơi
- Luyện tập, luyện thi có đáp án và lời giải chi tiết
- Chi phí thấp, hiệu quả cao
- Bài giảng dễ hiểu, minh họa trực quan",,"* Key chính:
- Tiền tiểu học mà tính toán lớp 1 chưa đầy 3ph",Video sẵn,BÉ 4 TUỔI GIẢI TOÁN LỚP 1 CHỈ TRONG CHƯA ĐẦY 3 PHÚT!,BÉ 4 TUỔI GIẢI TOÁN LỚP 1 CHỈ TRONG CHƯA ĐẦY 3 PHÚT,ok,nhungnt,CVS_TUANTA_01/07_CODE65+69_TTH,chuyển page test lại,,
70,code70,PR,Video,"- AI đồng hành 1 kèm 1 mọi lúc mọi nơi
- Luyện tập, luyện thi có đáp án và lời giải chi tiết
- Chi phí thấp, hiệu quả cao
- Bài giảng dễ hiểu, minh họa trực quan",,"* Key chính:
- Đầu tư tiền cho con đi học để thi vào trường điểm nhưng chi phí quá cao",Video sẵn,BỐ MẸ KIỆT SỨC DỒN TIỀN CHO CON HỌC THÊM ĐỂ THI TRƯỜNG ĐIỂM,BỐ MẸ KIỆT SỨC DỒN TIỀN CHO CON HỌC THÊM ĐỂ THI TRƯỜNG ĐIỂM,ok,Học phí,CODE78+70,,,
71,code71,PR,Video,"- AI đồng hành 1 kèm 1 mọi lúc mọi nơi
- Luyện tập, luyện thi có đáp án và lời giải chi tiết
- Chi phí thấp, hiệu quả cao
- Bài giảng dễ hiểu, minh họa trực quan",,"* Key chính:
- Con học từ sáng đến đêm kết quả vẫn không thay đổi, đánh mất tuổi thơ, không có phương pháp học hiệu quả",Video ads,"""Học giỏi mà đánh đổi cả tuổi thơ – liệu có đáng?""","""Học giỏi mà đánh đổi cả tuổi thơ – liệu có đáng?""","Đã comment
Thêm video",Cách học,code158+71,,,
72,code72,PR,Video,"- AI đồng hành 1 kèm 1 mọi lúc mọi nơi
- Luyện tập, luyện thi có đáp án và lời giải chi tiết
- Chi phí thấp, hiệu quả cao
- Bài giảng dễ hiểu, minh họa trực quan",,"* Key chính:
- Bố mẹ không theo sát được việc học của con, con học kém ","Video ads
sửa lại",Con học cả năm nhưng không biết học đến đâu – bố mẹ có đang bỏ mặc?,Con học cả năm nhưng không biết học đến đâu – bố mẹ có đang bỏ mặc?,"ok
Thêm Video
Nhạc nền bị to hơi lẫn với tiếng khó nghe => Em chỉnh nhạc nền nhỏ lại nhé 
Sub nên để phía dưới video cho dễ theo dõi em ạ, để trên ko thuận mắt",,CVS_TUANTA_023/07_CODE72+73,,,
73,code73,PR,Video,"- AI đồng hành 1 kèm 1 mọi lúc mọi nơi
- Luyện tập, luyện thi có đáp án và lời giải chi tiết
- Chi phí thấp, hiệu quả cao
- Bài giảng dễ hiểu, minh họa trực quan",,"* Key chính:
- Chi phí học thêm đắt đỏ, không hiệu quả","Video ads
Sửa lại","Học mãi không tiến bộ, tốn tiền triệu mỗi tháng – có phải nỗi lo của mọi phụ huynh?","Học mãi không tiến bộ, tốn tiền triệu mỗi tháng – có phải nỗi lo của mọi phụ huynh?","ok
Thêm VIdeo
Video này cũng như video trên nhé. Chỉnh nhỏ nhạc với đổi sub xuống dưới là đc",,CVS_TUANTA_023/07_CODE72+73,,,
74,code74,PR,Video,"- AI đồng hành 1 kèm 1 mọi lúc mọi nơi
- Luyện tập, luyện thi có đáp án và lời giải chi tiết
- Chi phí thấp, hiệu quả cao
- Bài giảng dễ hiểu, minh họa trực quan",,"* Key chính:
- Lựa chọn khóa học hè cho con để chuẩn bị vào năm học mới",Video sẵn,LẠC VÀO MA TRẬN CÁC KHÓA HỌC TOÁN HÈ - MẸ LOAY HOAY NHƯ NGỒI TRÊN ĐỐNG LỬA,LẠC VÀO MA TRẬN CÁC KHÓA HỌC TOÁN HÈ - MẸ LOAY HOAY NHƯ NGỒI TRÊN ĐỐNG LỬA,"ok

Các caption cho video này em có thể test thử các cap ngắn hơn 1 chút tầm 5 dòng thôi xem cái nào hiệu quả hơn nhé. Thường xem video ngta cũng k cần đọc cap quá dài đâu. ",,CVS_TUANTA_023/07_CODE74+75,,,
75,code75,PR,Video,"- AI đồng hành 1 kèm 1 mọi lúc mọi nơi
- Luyện tập, luyện thi có đáp án và lời giải chi tiết
- Chi phí thấp, hiệu quả cao
- Bài giảng dễ hiểu, minh họa trực quan",,"* Key chính:
- Con càng học càng yếu, học đủ các loại vẫn không khá",Video sẵn,BA MẸ RỐI NHƯ TƠ VÒ VÌ CON CÀNG HỌC CÀNG YẾU,BA MẸ RỐI NHƯ TƠ VÒ VÌ CON CÀNG HỌC CÀNG YẾU,,,CVS_TUANTA_023/07_CODE74+75,,,
76,code76,PR,Video,"- AI đồng hành 1 kèm 1 mọi lúc mọi nơi
- Luyện tập, luyện thi có đáp án và lời giải chi tiết
- Chi phí thấp, hiệu quả cao
- Bài giảng dễ hiểu, minh họa trực quan",,"* Key chính:
- Chi phí học tốt, các tính năng phù hợp",Video sẵn,Chi Phí Học Thêm Khiến Phụ Huynh “Xuýt Xoa”? Nuôi Mấy Đứa Cũng Được!,Chi Phí Học Thêm Khiến Phụ Huynh “Xuýt Xoa”,,,CODE76+77,,,
77,code77,PR,Video,"- AI đồng hành 1 kèm 1 mọi lúc mọi nơi
- Luyện tập, luyện thi có đáp án và lời giải chi tiết
- Chi phí thấp, hiệu quả cao
- Bài giảng dễ hiểu, minh họa trực quan",,"* Key chính:
- Con học trường tư, đầu tư chi phí học nhiều nơi mà điểm toán vẫn thấp",Video sẵn,"Con Học Trường Tư Xịn Sò, Thuê Cả Gia Sư Mà Mẹ Vẫn ""Trầm Cảm"" Vì Toán Kém?","Con Học Trường Tư Xịn Sò, Thuê Cả Gia Sư Mà Mẹ Vẫn ""Trầm Cảm"" Vì Toán Kém",,,CODE76+77,,,
78,code78,PR,Video,"- AI đồng hành 1 kèm 1 mọi lúc mọi nơi
- Luyện tập, luyện thi có đáp án và lời giải chi tiết
- Chi phí thấp, hiệu quả cao
- Bài giảng dễ hiểu, minh họa trực quan",,"* Key chính:
- Bỏ tiền ra đầu tư tìm phương pháp học hè cho con",Video sẵn,"Đốt Mấy Chục Triệu Để Tìm ""Chân Ái"" Học Toán Hè Cho Con","""Đốt"" Mấy Chục Triệu Để Tìm ""Chân Ái"" Học Toán Hè Cho Con",,,CODE78+70,,,
79,code79,PR,Video,"- AI đồng hành 1 kèm 1 mọi lúc mọi nơi
- Luyện tập, luyện thi có đáp án và lời giải chi tiết
- Chi phí thấp, hiệu quả cao
- Bài giảng dễ hiểu, minh họa trực quan",,"* Key chính:
- Cho con học tiền tiểu học chuẩn bị lên lớp 1",Video sẵn,"Chống Sốc Cho Con Vào Lớp 1 Với Khóa Học Toán Chỉ 70K/Tháng! 
",Chống Sốc Cho Con Vào Lớp 1 Với Khóa Học Toán Chỉ 70K/Tháng,ok,,CVS_TUANTA_17/07_CODE79+80,,,
80,code80,PR,Video,"- AI đồng hành 1 kèm 1 mọi lúc mọi nơi
- Luyện tập, luyện thi có đáp án và lời giải chi tiết
- Chi phí thấp, hiệu quả cao
- Bài giảng dễ hiểu, minh họa trực quan",,"* Key chính:
- Mẹ thạc sĩ nhưng không biết cách dạy con học",Video sẵn,MẸ THẠC SĨ PHÁT KHÓC KHI DẠY CON VÌ DẠY KHÔNG GIỐNG CÔ,MẸ THẠC SĨ PHÁT KHÓC KHI DẠY CON VÌ DẠY KHÔNG GIỐNG CÔ,ok,,CVS_TUANTA_17/07_CODE79+80,,,
81,code81,PR,Video,"- AI đồng hành 1 kèm 1 mọi lúc mọi nơi
- Luyện tập, luyện thi có đáp án và lời giải chi tiết
- Chi phí thấp, hiệu quả cao
- Bài giảng dễ hiểu, minh họa trực quan",,"* Key chính:
- Quan điềm không học thêm ở trung tâm con không thể giỏi toán",Video sẵn,CHÀO THUA QUAN ĐIỂM: KHÔNG ĐI HỌC THÊM TRUNG TÂM CON KHÔNG THỂ GIỎI TOÁN,CHÀO THUA QUAN ĐIỂM: KHÔNG ĐI HỌC THÊM TRUNG TÂM CON KHÔNG THỂ GIỎI TOÁN,ok,,code81+82,,,
82,code82,PR,Video,"- AI đồng hành 1 kèm 1 mọi lúc mọi nơi
- Luyện tập, luyện thi có đáp án và lời giải chi tiết
- Chi phí thấp, hiệu quả cao
- Bài giảng dễ hiểu, minh họa trực quan",,"* Key chính:
- Sợ con thua thiệt bạn bè vì không được đi học thêm",Video sẵn,THƯƠNG CON THUA THIỆT BẠN BÈ VÌ KHÔNG ĐƯỢC ĐI HỌC THÊM,THƯƠNG CON THUA THIỆT BẠN BÈ VÌ KHÔNG ĐƯỢC ĐI HỌC THÊM,ok,,code81+82,,,
83,code83,PR,Video,"- AI đồng hành 1 kèm 1 mọi lúc mọi nơi
- Luyện tập, luyện thi có đáp án và lời giải chi tiết
- Chi phí thấp, hiệu quả cao
- Bài giảng dễ hiểu, minh họa trực quan",,"* Key chính:
- Con học kém sợ phải ở lại lớp, sau khi học kurio thay đổi lên top 5",Video sẵn,TỪ HỌC SINH SUÝT Ở LẠI LỚP - CON VƯƠN LÊN TOP 5 VỚI TOÁN TƯ DUY CHỈ 3K/NGÀY,TỪ HỌC SINH SUÝT Ở LẠI LỚP - CON VƯƠN LÊN TOP 5 VỚI TOÁN TƯ DUY CHỈ 3K/NGÀY,ok,nhungnt,code83+84,,,
84,code84,PR,Video,"- AI đồng hành 1 kèm 1 mọi lúc mọi nơi
- Luyện tập, luyện thi có đáp án và lời giải chi tiết
- Chi phí thấp, hiệu quả cao
- Bài giảng dễ hiểu, minh họa trực quan",,"* Key chính:
- Con học mất tập trung, điểm số bấp bênh",Video sẵn,"CON THÔNG MINH NHƯNG HỌC HÀNH LỠ ĐỄNH, ĐIỂM SỐ BẤP BÊNH","CON THÔNG MINH NHƯNG HỌC HÀNH LỠ ĐỄNH, ĐIỂM SỐ BẤP BÊNH",ok,nhungnt,code83+84,,,
85,code85,PR,Video,"- AI đồng hành 1 kèm 1 mọi lúc mọi nơi
- Luyện tập, luyện thi có đáp án và lời giải chi tiết
- Chi phí thấp, hiệu quả cao
- Bài giảng dễ hiểu, minh họa trực quan",,"* Key chính:
- Phát triển tư duy sớm, chuẩn bị kiến thức ",Video sẵn,9 ĐIỂM TOÁN THI CHUYỂN CẤP NHỜ BÍ QUYẾT PHÁT TRIỂN TƯ DUY,9 ĐIỂM TOÁN THI CHUYỂN CẤP NHỜ BÍ QUYẾT PHÁT TRIỂN TƯ DUY,ok,nhungnt,code85+86,,,
86,code86,PR,Video,"- AI đồng hành 1 kèm 1 mọi lúc mọi nơi
- Luyện tập, luyện thi có đáp án và lời giải chi tiết
- Chi phí thấp, hiệu quả cao
- Bài giảng dễ hiểu, minh họa trực quan",,"* Key chính:
- Tốn tiền cho con học gia sư 1 kèm 1 nhưng kh hiệu quả",Video sẵn,TỐN CẢ CHỤC TRIỆU HỌC GIA SƯ 1:1 MÀ CON VẪN 3-4 ĐIỂM TOÁN,TỐN CẢ CHỤC TRIỆU HỌC GIA SƯ 1:1 MÀ CON VẪN 3-4 ĐIỂM TOÁN,ok,,code85+86,,,
87,code87,PR,Video,"- AI đồng hành 1 kèm 1 mọi lúc mọi nơi
- Luyện tập, luyện thi có đáp án và lời giải chi tiết
- Chi phí thấp, hiệu quả cao
- Bài giảng dễ hiểu, minh họa trực quan",,"* Key chính:
- Con học lệch, mất gốc Toán, phụ huynh không biết bắt đầu từ đâu",Video ads,"Không phải con lười, mà là vì con chưa từng được học đúng phần con còn yếu","Không phải con lười, mà là vì con chưa từng được học đúng phần con còn yếu","Câu hook: Idea thì ok nhưng cách diễn đạt đang chưa rõ nghĩa, rõ ý lắm nên em wording lại nhé
đã sửa
ok",Cách học,code87+156,,,
88,code88,PR,Video,"- AI đồng hành 1 kèm 1 mọi lúc mọi nơi
- Luyện tập, luyện thi có đáp án và lời giải chi tiết
- Chi phí thấp, hiệu quả cao
- Bài giảng dễ hiểu, minh họa trực quan",,"* Key chính:
- Giải pháp cho bố mẹ không có thời gian kèm con",Video ads,"GIẢI PHÁP CHO BỐ MẸ HIỆN ĐẠI, BẬN RỘN KHÔNG CÓ ĐỦ THỜI GIAN KÈM CON HỌC","GIẢI PHÁP CHO BỐ MẸ HIỆN ĐẠI, BẬN RỘN KHÔNG CÓ ĐỦ THỜI GIAN KÈM CON HỌC",ok,,,,,
89,code89,PR,Video,"- AI đồng hành 1 kèm 1 mọi lúc mọi nơi
- Luyện tập, luyện thi có đáp án và lời giải chi tiết
- Chi phí thấp, hiệu quả cao
- Bài giảng dễ hiểu, minh họa trực quan",,"* Key chính:
- Con chia sẻ khi học toán kurio",Video sẵn,CON CHƯA BAO GIỜ NGHĨ CON ĐƯỢC 8 ĐIỂM TOÁN,CON CHƯA BAO GIỜ NGHĨ CON ĐƯỢC 8 ĐIỂM TOÁN,"Bài này đang chạy với câu hook này rồi nên nếu em muốn dùng lại thì có thể nghĩ hook khác tránh bị lặp bài đang chạy nhé
đã sửa
ok",,CVS_TUANTA_25/07_CODE89+90,,,
90,code90,PR,Video,"- AI đồng hành 1 kèm 1 mọi lúc mọi nơi
- Luyện tập, luyện thi có đáp án và lời giải chi tiết
- Chi phí thấp, hiệu quả cao
- Bài giảng dễ hiểu, minh họa trực quan",,"* Key chính:
- Con học toán kém, không theo kịp các bạn, tìm phương pháp gợi mở tư duy",Video sẵn,“ĐEO MO VÀO MẶT” CON ĐƯỢC 4 ĐIỂM TOÁN - MẸ XẤU HỔ KHÔNG DÁM ĐI HỌP PHỤ HUYNH,“ĐEO MO VÀO MẶT” CON ĐƯỢC 4 ĐIỂM TOÁN - MẸ XẤU HỔ KHÔNG DÁM ĐI HỌP PHỤ HUYNH,ok,,CVS_TUANTA_25/07_CODE89+90,,,
91,code91,Storytelling page cá nhân,Post,"- AI đồng hành 1 kèm 1 mọi lúc mọi nơi
- Luyện tập, luyện thi có đáp án và lời giải chi tiết
- Chi phí thấp, hiệu quả cao
- Bài giảng dễ hiểu, minh họa trực quan",,"* Key chính:
- Hai mẹ con mất phương hướng học toán trước khi vào năm học mới",,HAI MẸ CON MẤT PHƯƠNG HƯỚNG HỌC TOÁN TRƯỚC THỀM NĂM HỌC MỚI,HAI MẸ CON MẤT PHƯƠNG HƯỚNG HỌC TOÁN TRƯỚC THỀM NĂM HỌC MỚI,ok,,,,,
92,code92,Storytelling page cá nhân,Post,"- AI đồng hành 1 kèm 1 mọi lúc mọi nơi
- Luyện tập, luyện thi có đáp án và lời giải chi tiết
- Chi phí thấp, hiệu quả cao
- Bài giảng dễ hiểu, minh họa trực quan",,"* Key chính:
- Chuẩn bị kiến thức thi chuyển cấp",,"HỌC THÊM CẢ HÈ MÀ CÔNG CỐC, CON VẪN 4 ĐIỀM TOÁN","HỌC THÊM CẢ HÈ MÀ CÔNG CỐC, CON VẪN 4 ĐIỀM TOÁN",ok,,,,,
93,code93,Storytelling page cá nhân,Post,"- AI đồng hành 1 kèm 1 mọi lúc mọi nơi
- Luyện tập, luyện thi có đáp án và lời giải chi tiết
- Chi phí thấp, hiệu quả cao
- Bài giảng dễ hiểu, minh họa trực quan",,"* Key chính:
- Học toán tư duy cho con sắp vào lớp 1",,"CON SẮP VÀO LỚP 1, CÓ NHẤT THIẾT PHẢI HỌC TOÁN TƯ DUY?","CON SẮP VÀO LỚP 1, CÓ NHẤT THIẾT PHẢI HỌC TOÁN TƯ DUY",ok,,,,,
94,code94,Storytelling page cá nhân,Post,"- AI đồng hành 1 kèm 1 mọi lúc mọi nơi
- Luyện tập, luyện thi có đáp án và lời giải chi tiết
- Chi phí thấp, hiệu quả cao
- Bài giảng dễ hiểu, minh họa trực quan",,"* Key chính:
- So sánh hai đứa trẻ học toán tư duy",,"TOÁN TƯ DUY CÓ THỰC SỰ CẦN THIẾT, SỰ KHÁC BIỆT CỦA ĐỨA TRẺ ĐƯỢC HỌC TOÁN TƯ DUY ĐÚNG GIAI ĐOẠN VÀNG","TOÁN TƯ DUY CÓ THỰC SỰ CẦN THIẾT, SỰ KHÁC BIỆT CỦA ĐỨA TRẺ ĐƯỢC HỌC TOÁN TƯ DUY ĐÚNG GIAI ĐOẠN VÀNG",ok,,,,,
95,code95,PR,Video,"- AI đồng hành 1 kèm 1 mọi lúc mọi nơi
- Luyện tập, luyện thi có đáp án và lời giải chi tiết
- Chi phí thấp, hiệu quả cao
- Bài giảng dễ hiểu, minh họa trực quan",,"* Key chính:
- Học thêm hè",Video sẵn,"Con Vừa Nghỉ Hè Đã Phải ""Vắt Chân Lên Cổ"" Học Thêm…","Con Vừa Nghỉ Hè Đã Phải ""Vắt Chân Lên Cổ"" Học Thêm…",ok,Video mẫu,95+96,,,
96,code96,PR,Video,"- AI đồng hành 1 kèm 1 mọi lúc mọi nơi
- Luyện tập, luyện thi có đáp án và lời giải chi tiết
- Chi phí thấp, hiệu quả cao
- Bài giảng dễ hiểu, minh họa trực quan",,"* Key chính:
- muốn con học lộ trình học cá nhân hóa",Video sẵn,TỪ BỎ TRUNG TÂM HỌC TOÁN TƯ DUY 8 TRIỆU/THÁNG VÌ …,SỐC NẶNG KHI ĐĂNG KÝ TOÁN TƯ DUY TẠI TRUNG TÂM,ok,Video mẫu,95+96,,,
97,code97,PR,Video,"- AI đồng hành 1 kèm 1 mọi lúc mọi nơi
- Luyện tập, luyện thi có đáp án và lời giải chi tiết
- Chi phí thấp, hiệu quả cao
- Bài giảng dễ hiểu, minh họa trực quan",,"* Key chính:
- Thi đỗ trường điểm chuyển cấp không tốn kém, áp lựuc",Video sẵn,"Thi Đỗ Trường Cấp 2 Top Đầu Với ""3 Không"": Không Áp Lực, Không Trung Tâm, Không Học Thêm","Thi Đỗ Trường Cấp 2 Top Đầu Với ""3 Không"": Không Áp Lực, Không Trung Tâm, Không Học Thêm",ok,Muốn tăng điểm,97+89,,,
98,code98,PR,Video,"- AI đồng hành 1 kèm 1 mọi lúc mọi nơi
- Luyện tập, luyện thi có đáp án và lời giải chi tiết
- Chi phí thấp, hiệu quả cao
- Bài giảng dễ hiểu, minh họa trực quan",,"* Key chính:
- Hè con vừa học vừa chơi, bố mẹ nhàn",Video sẵn,"Bố Mẹ Nhà ""Nhàn Tênh"" Tìm Được Khóa Học Hè Cho Con Chỉ 3K/Ngày!","Bố Mẹ Nhà ""Nhàn Tênh"" Tìm Được Khóa Học Hè Cho Con Chỉ 3K/Ngày",ok,Chi phí,97+89,,,
99,code99,PR,Video,"- AI đồng hành 1 kèm 1 mọi lúc mọi nơi
- Luyện tập, luyện thi có đáp án và lời giải chi tiết
- Chi phí thấp, hiệu quả cao
- Bài giảng dễ hiểu, minh họa trực quan",,"* Key chính:
- Bị chồng đổi lỗi vì không biết dạy con học, thay đổi phương pháp",Video sẵn,Bị Chồng Đổ Lỗi Vì Con Học Kém – Đây Là Cách Tôi Giải Quyết!,"""Bị Chồng Đổ Lỗi Vì Con Học Kém"" – Đây Là Cách Tôi Giải Quyết","ok 
ko chạy page Kurio",5,,,,
100,code100,PR,Video,"- AI đồng hành 1 kèm 1 mọi lúc mọi nơi
- Luyện tập, luyện thi có đáp án và lời giải chi tiết
- Chi phí thấp, hiệu quả cao
- Bài giảng dễ hiểu, minh họa trực quan",,"* Key chính:
- Đầu tư sớm toán tư duy cho con phát triển trong giai đoạn vàng",Video sẵn,"CON GÁI LỚN CHẬM TƯ DUY, ĐIỂM TOÁN BÉT LỚP VÀ KINH NGHIỆM TỪ NGƯỜI LÀM MẸ","CON GÁI LỚN CHẬM TƯ DUY, ĐIỂM TOÁN BÉT LỚP VÀ KINH NGHIỆM TỪ NGƯỜI LÀM MẸ",ok,Video mẫu,x,,,
101,code101,PR,Video,"- AI đồng hành 1 kèm 1 mọi lúc mọi nơi
- Luyện tập, luyện thi có đáp án và lời giải chi tiết
- Chi phí thấp, hiệu quả cao
- Bài giảng dễ hiểu, minh họa trực quan",,"* Key chính:
- Con tăng 2-3 điểm trong 2 tháng",Video sẵn,GIÚP CON TĂNG 2-3 ĐIỂM TOÁN CHỈ CHƯA ĐẦY 2 THÁNG,GIÚP CON TĂNG 2-3 ĐIỂM TOÁN CHỈ CHƯA ĐẦY 2 THÁNG,ok,,"CVS_TUANTA_16/08_CODE101+102
",,,
102,code102,PR,Video,"- AI đồng hành 1 kèm 1 mọi lúc mọi nơi
- Luyện tập, luyện thi có đáp án và lời giải chi tiết
- Chi phí thấp, hiệu quả cao
- Bài giảng dễ hiểu, minh họa trực quan",,"* Key chính:
- Sự khác biệt của 1 đứa trẻ được học toán tư duy",Video sẵn,ĐỨA TRẺ ĐƯỢC HỌC TOÁN TƯ DUY VƯỢT TRỘI HƠN CÁC BẠN ĐỒNG TRANG LỨA NHƯ THẾ NÀO?,ĐỨA TRẺ ĐƯỢC HỌC TOÁN TƯ DUY VƯỢT TRỘI HƠN CÁC BẠN ĐỒNG TRANG LỨA NHƯ THẾ NÀO,ok,,"CVS_TUANTA_16/08_CODE101+102
",,,
103,code103,PR,Video,"- AI đồng hành 1 kèm 1 mọi lúc mọi nơi
- Luyện tập, luyện thi có đáp án và lời giải chi tiết
- Chi phí thấp, hiệu quả cao
- Bài giảng dễ hiểu, minh họa trực quan",,"* Key chính:
- Sợ con học kh có bài tập về nhà sẽ đuối, hổng kiến thức",Video sẵn,BỐ MẸ SỢ CON HỌC KÉM TOÁN NẾU NHƯ KHÔNG CÓ BÀI TẬP VỀ NHÀ …,BỐ MẸ SỢ CON HỌC KÉM TOÁN NẾU NHƯ KHÔNG CÓ BÀI TẬP VỀ NHÀ …,ok,,"CVS_TUANTA_16/08_CODE103+104
",,,
104,code104,PR,Video,"- AI đồng hành 1 kèm 1 mọi lúc mọi nơi
- Luyện tập, luyện thi có đáp án và lời giải chi tiết
- Chi phí thấp, hiệu quả cao
- Bài giảng dễ hiểu, minh họa trực quan",,"* Key chính:
- Sợ con học kh có bài tập về nhà sẽ đuối, hổng kiến thức",Video sẵn,HỌC TOÁN VỚI GIÁO VIÊN GIỎI CÒN CHƯA ĂN AI NỮA LÀ TỰ HỌC Ở NHÀ,HỌC TOÁN VỚI GIÁO VIÊN GIỎI CÒN CHƯA ĂN AI NỮA LÀ TỰ HỌC Ở NHÀ,ok,,"CVS_TUANTA_16/08_CODE103+104
",,,
105,code105,PR,Video,"- AI đồng hành 1 kèm 1 mọi lúc mọi nơi
- Luyện tập, luyện thi có đáp án và lời giải chi tiết
- Chi phí thấp, hiệu quả cao
- Bài giảng dễ hiểu, minh họa trực quan",,"* Key chính:
- Học toán cùng AI, cá nhân hóa lộ trình học",Video sẵn,HỌC TOÁN TƯ DUY CÙNG “GIA SƯ AI” - CÁ NHÂN HÓA LỘ TRÌNH HỌC,HỌC TOÁN TƯ DUY CÙNG “GIA SƯ AI” - CÁ NHÂN HÓA LỘ TRÌNH HỌC,ok,,"CVS_TUANTA_16/08_CODE105+112
",,,
106,code106,Storytelling page cá nhân,Text,"- AI đồng hành 1 kèm 1 mọi lúc mọi nơi
- Luyện tập, luyện thi có đáp án và lời giải chi tiết
- Chi phí thấp, hiệu quả cao
- Bài giảng dễ hiểu, minh họa trực quan",,"* Key chính:
- Con nghỉ hè không học bài, đến gần lúc đi học mới ôn lại",,CẢ HÈ CHƠI QUÊN SẠCH BÀI – MẸ CUỐNG CUỒNG TÌM CÁCH “CỨU” CON TRƯỚC KHI VÀO NĂM HỌC MỚI,CẢ HÈ CHƠI QUÊN SẠCH BÀI – MẸ CUỐNG CUỒNG TÌM CÁCH “CỨU” CON TRƯỚC KHI VÀO NĂM HỌC MỚI,ok,,,,,
107,code107,Storytelling page cá nhân,Text,"- AI đồng hành 1 kèm 1 mọi lúc mọi nơi
- Luyện tập, luyện thi có đáp án và lời giải chi tiết
- Chi phí thấp, hiệu quả cao
- Bài giảng dễ hiểu, minh họa trực quan",,"* Key chính:
- Rèn tính tự giác, tập trung học",,"RÈN CON NGỒI HỌC TỰ GIÁC, TẬP TRUNG KHÔNG PHẢI MẸ NÀO BIẾT","RÈN CON NGỒI HỌC TỰ GIÁC, TẬP TRUNG KHÔNG PHẢI MẸ NÀO BIẾT",,,,,,
108,code108,PR,img,"- AI đồng hành 1 kèm 1 mọi lúc mọi nơi
- Luyện tập, luyện thi có đáp án và lời giải chi tiết
- Chi phí thấp, hiệu quả cao
- Bài giảng dễ hiểu, minh họa trực quan",,"* Key chính:
- Kỳ thi IKMC",Ảnh,VƯỢT CHUẨN KỲ THI TOÁN QUỐC TẾ IKMC CÙNG KURIO – CON SẴN SÀNG BỨT PHÁ!,VƯỢT CHUẨN KỲ THI TOÁN QUỐC TẾ IKMC CÙNG KURIO – CON SẴN SÀNG BỨT PHÁ,"2 bài này chưa ổn lắm
- IKMC thì em chỉ là yếu tố điểm vào trong bài thôi chưa cần tập trung viết hẳn 1 bài về IKMC đâu vì nhu cầu thời điểm này chưa cao. 
- Còn bài PR còn lại thì nội dung cũng đang giới thiệu chung chung quá. Em đặt các vấn đề đầu bài sâu hơn liên quan trực tiếp đến những vấn đề của học sinh/phụ huynh nhé 
- Media: Cũng nên order những dạng mới nhé. Mấy dạng cap màn hình giao diện này mình cũng sử dụng nhiều rồi. ",x,,,,
109,code109,PR,img,"- AI đồng hành 1 kèm 1 mọi lúc mọi nơi
- Luyện tập, luyện thi có đáp án và lời giải chi tiết
- Chi phí thấp, hiệu quả cao
- Bài giảng dễ hiểu, minh họa trực quan",,"* Key chính:
- Giới thiệu toán Kurio",Ảnh,"KURIO – ỨNG DỤNG HỌC TOÁN THÔNG MINH, CÁ NHÂN HÓA CHO MỖI HỌC SINH","KURIO – ỨNG DỤNG HỌC TOÁN THÔNG MINH, CÁ NHÂN HÓA CHO MỖI HỌC SINH",,x,,,,
110,code110,Storytelling page cá nhân,Text,"- AI đồng hành 1 kèm 1 mọi lúc mọi nơi
- Luyện tập, luyện thi có đáp án và lời giải chi tiết
- Chi phí thấp, hiệu quả cao
- Bài giảng dễ hiểu, minh họa trực quan",,"* Key chính:
- Học toán theo gợi mở tư duy, cá nhân hóa",,HỌC TOÁN SAO CHO ĐÚNG – CON CÓ THỰC SỰ ĐƯỢC “HỌC” HAY CHỈ ĐANG GHI NHỚ MÁY MÓC?,HỌC TOÁN SAO CHO ĐÚNG – CON CÓ THỰC SỰ ĐƯỢC “HỌC” HAY CHỈ ĐANG GHI NHỚ MÁY MÓC,ok,,code190+110,,,
111,code111,Storytelling page cá nhân,Text,"- AI đồng hành 1 kèm 1 mọi lúc mọi nơi
- Luyện tập, luyện thi có đáp án và lời giải chi tiết
- Chi phí thấp, hiệu quả cao
- Bài giảng dễ hiểu, minh họa trực quan",,"* Key chính:
- Con học yếu nhưng gia đình kh có điều kiện đầu tư",,LỰA CHỌN NÀO CHO CON HỌC YẾU TOÁN MÀ KHÔNG ĐƯỢC ĐẦU TƯ NHIỀU TIỀN?,LỰA CHỌN NÀO CHO CON HỌC YẾU TOÁN MÀ KHÔNG ĐƯỢC ĐẦU TƯ NHIỀU TIỀN,ok,,,,,
112,code112,PR,Video,"- AI đồng hành 1 kèm 1 mọi lúc mọi nơi
- Luyện tập, luyện thi có đáp án và lời giải chi tiết
- Chi phí thấp, hiệu quả cao
- Bài giảng dễ hiểu, minh họa trực quan",,"* Key chính:
- Con học yếu, mất gốc bố mẹ bận kh có thời gian dạy",Video ads,"CON CHUẨN BỊ LÊN LỚP 4 MÀ TRÌNH ĐỘ THUA CẢ HỌC SINH LỚP 2, MẤT GỐC TOÁN TRẦM TRỌNG","CON CHUẨN BỊ LÊN LỚP 4 MÀ TRÌNH ĐỘ THUA CẢ HỌC SINH LỚP 2, MẤT GỐC TOÁN TRẦM TRỌNG",ok,,"CVS_TUANTA_16/08_CODE105+112
",,,
113,code113,PR,Video,"- AI đồng hành 1 kèm 1 mọi lúc mọi nơi
- Luyện tập, luyện thi có đáp án và lời giải chi tiết
- Chi phí thấp, hiệu quả cao
- Bài giảng dễ hiểu, minh họa trực quan",,"* Key chính:
- Con không đi học thêm vẫn đạt giải thi toán quốc tế",Video ads,ỨA NƯỚC MẮT VÌ KHÔNG ĐỦ ĐIỀU KIỆN CHO CON ĐI HỌC THÊM,ỨA NƯỚC MẮT VÌ KHÔNG ĐỦ ĐIỀU KIỆN CHO CON ĐI HỌC THÊM,ok,,"CVS_TUANTA_18/08_CODE113+114
",,,
114,code114,PR,Video,"- AI đồng hành 1 kèm 1 mọi lúc mọi nơi
- Luyện tập, luyện thi có đáp án và lời giải chi tiết
- Chi phí thấp, hiệu quả cao
- Bài giảng dễ hiểu, minh họa trực quan",,"* Key chính:
- Con nghỉ hè không ôn tập, vào năm đuối sức",Video ads,BÀI HỌC NHỚ ĐỜI CHO CON NGHỈ HÈ XẢ HƠI - ĐẦU NĂM ĐÃ MẤT GỐC TOÁN,BÀI HỌC NHỚ ĐỜI CHO CON NGHỈ HÈ XẢ HƠI - ĐẦU NĂM ĐÃ MẤT GỐC TOÁN,ok,,"CVS_TUANTA_18/08_CODE113+114
",,,
115,code115,PR,Video,"- AI đồng hành 1 kèm 1 mọi lúc mọi nơi
- Luyện tập, luyện thi có đáp án và lời giải chi tiết
- Chi phí thấp, hiệu quả cao
- Bài giảng dễ hiểu, minh họa trực quan",,"* Key chính:
- Con học tại nhà chỉ 90k mà vẫn đạt học sinh giỏi môn toán",Video ads,"ĐỪNG DỐC HẾT TIỀN CỦA CHẠY ĐUA CHO CON ĐI HỌC THÊM NỮA, 90K/THÁNG MÀ NĂM NÀO CON CŨNG ĐẠT HỌC SINH GIỎI","ĐỪNG DỐC HẾT TIỀN CỦA CHẠY ĐUA CHO CON ĐI HỌC THÊM NỮA, 90K/THÁNG MÀ NĂM NÀO CON CŨNG ĐẠT HỌC SINH GIỎI",ok,,"CVS_TUANTA_18/08_CODE99+115
",,,
116,code116,PR,IMG,"- AI đồng hành 1 kèm 1 mọi lúc mọi nơi
- Luyện tập, luyện thi có đáp án và lời giải chi tiết
- Chi phí thấp, hiệu quả cao
- Bài giảng dễ hiểu, minh họa trực quan",,"* Key chính:
- Feedback phụ huynh",img,🌟 ĐƯỢC VÀ MẤT KHI BỎ RA 80K/THÁNG CHO CON HỌC TOÁN,🌟 ĐƯỢC VÀ MẤT KHI BỎ RA 80K/THÁNG CHO CON HỌC TOÁN,ok,,CVS_TUANTA_22/08_CODE116+117,,,
117,code117,PR,IMG,"- AI đồng hành 1 kèm 1 mọi lúc mọi nơi
- Luyện tập, luyện thi có đáp án và lời giải chi tiết
- Chi phí thấp, hiệu quả cao
- Bài giảng dễ hiểu, minh họa trực quan",,"* Key chính:
- Ưu đãi 2/9",img - đang ord,ĐỘC LẬP RỘN RÀNG – NGẬP TRÀN KIẾN THỨC,🇻🇳 ĐỘC LẬP RỘN RÀNG – NGẬP TRÀN KIẾN THỨC 🇻🇳,"Đã cmt
Đã sửa",,CVS_TUANTA_22/08_CODE116+117,,,
118,code118,PR,IMG,"- AI đồng hành 1 kèm 1 mọi lúc mọi nơi
- Luyện tập, luyện thi có đáp án và lời giải chi tiết
- Chi phí thấp, hiệu quả cao
- Bài giảng dễ hiểu, minh họa trực quan",,"* Key chính:
- Phụ huynh review khóa học",img,REVIEW THỰC TẾ TOÁN TƯ DUY KURIO – BỐ MẸ LIỆU CÓ ĐÁNG MUA CHO CON?,👩‍👧 REVIEW THỰC TẾ TOÁN TƯ DUY KURIO – BỐ MẸ LIỆU CÓ ĐÁNG MUA CHO CON,ok,,118+119,,,
119,code119,PR,IMG,"- AI đồng hành 1 kèm 1 mọi lúc mọi nơi
- Luyện tập, luyện thi có đáp án và lời giải chi tiết
- Chi phí thấp, hiệu quả cao
- Bài giảng dễ hiểu, minh họa trực quan",,"* Key chính:
- Review vào phương pháp học gợi mở tư duy và cá nhân hóa",img,REVIEW CHI TIẾT VỀ PHƯƠNG PHÁP HỌC TOÁN KURIO – GỢI MỞ TƯ DUY & CÁ NHÂN HÓA LỘ TRÌNH,REVIEW CHI TIẾT VỀ PHƯƠNG PHÁP HỌC TOÁN KURIO – GỢI MỞ TƯ DUY & CÁ NHÂN HÓA LỘ TRÌNH,ok,,118+119,,,
120,code120,PR,IMG,"- AI đồng hành 1 kèm 1 mọi lúc mọi nơi
- Luyện tập, luyện thi có đáp án và lời giải chi tiết
- Chi phí thấp, hiệu quả cao
- Bài giảng dễ hiểu, minh họa trực quan",,"* Key chính:
- TRỞ LẠI ĐƯỜNG ĐUA HỌC TẬP SAU KHÌ NGHỈ HÈ, BỨT TỐC TỪ ĐẦU NĂM",img - đang ord,Nghỉ Hè Thỏa Mái – Bứt Tốc Hăng Hái Ngay Đầu Năm Học Mới!,Nghỉ Hè Thỏa Mái – Bứt Tốc Hăng Hái Ngay Đầu Năm Học Mới,Đã cmt,,,,,
121,code121,PR,IMG,"- AI đồng hành 1 kèm 1 mọi lúc mọi nơi
- Luyện tập, luyện thi có đáp án và lời giải chi tiết
- Chi phí thấp, hiệu quả cao
- Bài giảng dễ hiểu, minh họa trực quan",,"* Key chính:
- Lấy gốc siêu tốc cho con trong 2 tháng",img - đang ord,LẤY GỐC TOÁN SIÊU TỐC CHO CON CHỈ TRONG 2 THÁNG,Lấy Gốc Toán Siêu Tốc Cho Con Chỉ Trong 2 Tháng,ok,,,,,
122,code122,Storytelling page cá nhân,text,"- AI đồng hành 1 kèm 1 mọi lúc mọi nơi
- Luyện tập, luyện thi có đáp án và lời giải chi tiết
- Chi phí thấp, hiệu quả cao
- Bài giảng dễ hiểu, minh họa trực quan",,"* Key chính:
- Phương pháp học tập",,"Con Tiểu Học Học Nhiều Hay Ít Không Quan Trọng, Quan Trọng Là Phải Đúng Phương Pháp!","Con Tiểu Học Học Nhiều Hay Ít Không Quan Trọng, Quan Trọng Là Phải Đúng Phương Pháp",ok,,,,,
123,code123,Storytelling page cá nhân,text,"- AI đồng hành 1 kèm 1 mọi lúc mọi nơi
- Luyện tập, luyện thi có đáp án và lời giải chi tiết
- Chi phí thấp, hiệu quả cao
- Bài giảng dễ hiểu, minh họa trực quan",,"* Key chính:
- Phương pháp học tập",,"Cách để thay đổi một đứa trẻ học Toán chậm, tư duy máy móc, dập khuôn, học vẹt","Cách để thay đổi một đứa trẻ học Toán chậm, tư duy máy móc, dập khuôn, học vẹt",ok,,code29+123,,,
124,code124,Storytelling page cá nhân,text,"- AI đồng hành 1 kèm 1 mọi lúc mọi nơi
- Luyện tập, luyện thi có đáp án và lời giải chi tiết
- Chi phí thấp, hiệu quả cao
- Bài giảng dễ hiểu, minh họa trực quan",,"* Key chính:
- Review toán kurio của phụ huynh",,Cho Con Tự Học Toán Tại Nhà Mà 3 Năm Liền Đều Đạt Học Sinh Giỏi!,"""Cho Con Tự Học Toán Tại Nhà Mà 3 Năm Liền Đều Đạt Học Sinh Giỏi",ok,,,,,
125,code125,PR,Video,"- AI đồng hành 1 kèm 1 mọi lúc mọi nơi
- Luyện tập, luyện thi có đáp án và lời giải chi tiết
- Chi phí thấp, hiệu quả cao
- Bài giảng dễ hiểu, minh họa trực quan",,"* Key chính:
- Con yếu giai đoạn chuyển cấp lên lớp 6",Video sẵn,"YẾU TOÁN NGAY KHI VỪA CHUYỂN CẤP, DÙ 5 NĂM LIỀN HỌC SINH GIỎI Ở TIỂU HỌC","YẾU TOÁN NGAY KHI VỪA CHUYỂN CẤP, DÙ 5 NĂM LIỀN HỌC SINH GIỎI Ở TIỂU HỌC",ok,,125+126,,,
126,code126,PR,Video,"- AI đồng hành 1 kèm 1 mọi lúc mọi nơi
- Luyện tập, luyện thi có đáp án và lời giải chi tiết
- Chi phí thấp, hiệu quả cao
- Bài giảng dễ hiểu, minh họa trực quan",,"* Key chính:
- KOC Hoàng Ngọc Diệp review",Video ads,"“Cứu Tinh” Học Toán Cho Con Của Mẹ Hoàng Ngọc Diệp
",“Cứu Tinh” Học Toán Cho Con Của Mẹ Hoàng Ngọc Diệp,ok,,125+126,,,
127,code127,PR,Video,"- AI đồng hành 1 kèm 1 mọi lúc mọi nơi
- Luyện tập, luyện thi có đáp án và lời giải chi tiết
- Chi phí thấp, hiệu quả cao
- Bài giảng dễ hiểu, minh họa trực quan",,"* Key chính:
- Con học nhiều nhưng kết quả không thay đổi",Video sẵn,"HỌC YẾU TOÁN VÌ CHẠY THEO THẦY CÔ GIỎI, HÀNH TRÌNH  MẸ TỰ DẠY TẠI NHÀ CON VẪN ĐẠT HỌC SINH GIỎI
","HỌC YẾU TOÁN VÌ CHẠY THEO THẦY CÔ GIỎI, HÀNH TRÌNH  MẸ TỰ DẠY TẠI NHÀ CON VẪN ĐẠT HỌC SINH GIỎI",ok,,127+128,,,
128,code128,PR,Video,"- AI đồng hành 1 kèm 1 mọi lúc mọi nơi
- Luyện tập, luyện thi có đáp án và lời giải chi tiết
- Chi phí thấp, hiệu quả cao
- Bài giảng dễ hiểu, minh họa trực quan",,"* Key chính:
- Con nhà nghèo vẫn đạt top đầu lớp nhờ học toán Kurio",Video sẵn,LÀ NGƯỜI GIÚP VIỆC NHƯNG CON LẠI GIỎI HƠN CON CHỦ NHÀ,LÀ NGƯỜI GIÚP VIỆC NHƯNG CON LẠI GIỎI HƠN CON CHỦ NHÀ,ok,,127+128,,,
129,code129,PR,Video,"- AI đồng hành 1 kèm 1 mọi lúc mọi nơi
- Luyện tập, luyện thi có đáp án và lời giải chi tiết
- Chi phí thấp, hiệu quả cao
- Bài giảng dễ hiểu, minh họa trực quan",,Giải thích tầm quan trọng của việc học toán tư duy trong giai đoạn vàng,  2025-08-25.mp4,BA MẸ DAY DỨT SUỐT ĐỜI VÌ CON THUA KÉM BẠN BÈ CHỈ VÌ BỎ LỠ GIAI ĐOẠN VÀNG HỌC TOÁN TƯ DUY,BA MẸ DAY DỨT SUỐT ĐỜI VÌ CON THUA KÉM BẠN BÈ CHỈ VÌ BỎ LỠ GIAI ĐOẠN VÀNG HỌC TOÁN TƯ DUY,Đã rút gọn text,,"CVS_TUANTA_08/09_CODE129+130
",,,
130,code130,PR,Video,"- AI đồng hành 1 kèm 1 mọi lúc mọi nơi
- Luyện tập, luyện thi có đáp án và lời giải chi tiết
- Chi phí thấp, hiệu quả cao
- Bài giảng dễ hiểu, minh họa trực quan",,"Con học kém toán, mất gốc, bị cô giáo nhắc nhở không lên được lớp", CON E SUYT KO LEN DC LOP 2_2.mp4,"CON SUÝT KHÔNG LÊN ĐƯỢC LỚP 2 VÌ HỌC KÉM TOÁN",CON SUÝT KHÔNG LÊN ĐƯỢC LỚP 2 VÌ HỌC KÉM TOÁN,Đã rút gọn text,,"CVS_TUANTA_08/09_CODE129+130
",,,
131,code131,PR,Video,"- AI đồng hành 1 kèm 1 mọi lúc mọi nơi
- Luyện tập, luyện thi có đáp án và lời giải chi tiết
- Chi phí thấp, hiệu quả cao
- Bài giảng dễ hiểu, minh họa trực quan",,Bị hàng xóm chê vì chỉ đầu tư 80k/tháng cho con học thêm toán, HANG XOM DE BIU_2.mp4,"HÀNG XÓM DÈ BỈU, CHÊ PHÈN VÌ CHỈ BỎ 80K/THÁNG CHO CON HỌC TOÁN - NGỠ NGÀNG KHI BIẾT CON ĐỨNG TOP 1 CỦA LỚP","HÀNG XÓM DÈ BỈU, CHÊ PHÈN VÌ CHỈ BỎ 80K/THÁNG CHO CON HỌC TOÁN - NGỠ NGÀNG KHI BIẾT CON ĐỨNG TOP 1 CỦA LỚP",Đã rút gọn text,,"CVS_TUANTA_08/09_CODE131+132
",,,
132,code132,PR,Video,"- AI đồng hành 1 kèm 1 mọi lúc mọi nơi
- Luyện tập, luyện thi có đáp án và lời giải chi tiết
- Chi phí thấp, hiệu quả cao
- Bài giảng dễ hiểu, minh họa trực quan",,"Học toán phân số không chắc, kiến thức lên lớp 5 coi như bỏ đi, không thể thi chuyển cấp", HOC_TOAN_LOP_4_SPEEDUP.mp4,"HỌC TOÁN PHÂN SỐ LỚP 4 MÀ KHÔNG CHẮC, LÊN LỚP 5 COI NHƯ BỎ ĐI, KHÔNG THỂ THI CHUYỂN CẤP
","HỌC TOÁN PHÂN SỐ LỚP 4 MÀ KHÔNG CHẮC, LÊN LỚP 5 COI NHƯ BỎ ĐI, KHÔNG THỂ THI CHUYỂN CẤP",Đã rút gọn text,,"CVS_TUANTA_08/09_CODE131+132
",,,
133,code133,PR,Video,"- AI đồng hành 1 kèm 1 mọi lúc mọi nơi
- Luyện tập, luyện thi có đáp án và lời giải chi tiết
- Chi phí thấp, hiệu quả cao
- Bài giảng dễ hiểu, minh họa trực quan",,Sự khác biệt sau khi học toán Kurio, 2025-08-28.mp4,"TOÁN KURIO - SỰ THAY ĐỔI KHÁC BIỆT TRONG VIỆC HỌC TOÁN",TOÁN KURIO - SỰ THAY ĐỔI KHÁC BIỆT TRONG VIỆC HỌC TOÁN,Đã rút gọn text,,"CVS_TUANTA_08/09_CODE133+134
",,,
134,code134,PR,Video,"- AI đồng hành 1 kèm 1 mọi lúc mọi nơi
- Luyện tập, luyện thi có đáp án và lời giải chi tiết
- Chi phí thấp, hiệu quả cao
- Bài giảng dễ hiểu, minh họa trực quan",,"Con học đuối nhất lớp chọn, 3 tháng nhập cuộc với toán Kurio", CON_HOC_DUOI_NHATLOP_2.mp4,“HỌC SINH ĐUỐI” NHẤT LỚP CHỌN - 3 THÁNG ĐUA TOP NHỜ PHƯƠNG PHÁP NÀY!,“HỌC SINH ĐUỐI” NHẤT LỚP CHỌN - 3 THÁNG ĐUA TOP NHỜ PHƯƠNG PHÁP NÀY,Đã rút gọn text,,"CVS_TUANTA_08/09_CODE133+134
",,,
135,code135,PR,Video,"- AI đồng hành 1 kèm 1 mọi lúc mọi nơi
- Luyện tập, luyện thi có đáp án và lời giải chi tiết
- Chi phí thấp, hiệu quả cao
- Bài giảng dễ hiểu, minh họa trực quan",,,,,Đề bài: Storytelling khai thác brief này:,Content đã duyệt MKT T8,,,,,
136,code136,PR,Video,"- AI đồng hành 1 kèm 1 mọi lúc mọi nơi
- Luyện tập, luyện thi có đáp án và lời giải chi tiết
- Chi phí thấp, hiệu quả cao
- Bài giảng dễ hiểu, minh họa trực quan",,,,,Đề bài: Storytelling khai thác brief này:,Content đã duyệt MKT T8,,code136+139,,,
137,code137,PR,Video,"- AI đồng hành 1 kèm 1 mọi lúc mọi nơi
- Luyện tập, luyện thi có đáp án và lời giải chi tiết
- Chi phí thấp, hiệu quả cao
- Bài giảng dễ hiểu, minh họa trực quan",,,,,Đề bài: Storytelling khai thác brief này:,Content đã duyệt MKT T8,,,,,
138,code138,PR,Video,"- AI đồng hành 1 kèm 1 mọi lúc mọi nơi
- Luyện tập, luyện thi có đáp án và lời giải chi tiết
- Chi phí thấp, hiệu quả cao
- Bài giảng dễ hiểu, minh họa trực quan",,,,,Đề bài: Storytelling khai thác brief này:,Content đã duyệt MKT T8,,,,,
139,code139,PR,Video,"- AI đồng hành 1 kèm 1 mọi lúc mọi nơi
- Luyện tập, luyện thi có đáp án và lời giải chi tiết
- Chi phí thấp, hiệu quả cao
- Bài giảng dễ hiểu, minh họa trực quan",,,,,Đề bài: Storytelling khai thác brief này:,Content đã duyệt MKT T8,,code136+139,,,
140,code140,PR,Video,"- AI đồng hành 1 kèm 1 mọi lúc mọi nơi
- Luyện tập, luyện thi có đáp án và lời giải chi tiết
- Chi phí thấp, hiệu quả cao
- Bài giảng dễ hiểu, minh họa trực quan",,Bố mẹ thiếu thời gian kèm con hoc,  Ba mẹ bận rộn.mp4,"GIẢI PHÁP CHO BỐ MẸ BẬN RỘN KHÔNG CÓ THỜI GIAN KÈM CON HỌC, CON VẪN 9-10 ĐIỂM TOÁN","GIẢI PHÁP CHO BỐ MẸ BẬN RỘN KHÔNG CÓ THỜI GIAN KÈM CON HỌC, CON VẪN 9-10 ĐIỂM TOÁN",ok,,CVS_TUANTA_23/09_CODE140+141,l2,,
141,code141,PR,Video,"- AI đồng hành 1 kèm 1 mọi lúc mọi nơi
- Luyện tập, luyện thi có đáp án và lời giải chi tiết
- Chi phí thấp, hiệu quả cao
- Bài giảng dễ hiểu, minh họa trực quan",,Mẹ dạy con nhưng thiếu kỹ năng sư phạm,  thiếu kỹ năng sư phạm.mp4,"THIẾU KỸ NĂNG SƯ PHẠM, DẠY CON HỌC NGÀY HỌC ĐÊM VẪN BÉT LỚP
","THIẾU KỸ NĂNG SƯ PHẠM, DẠY CON HỌC NGÀY HỌC ĐÊM VẪN BÉT LỚP",ok,,CVS_TUANTA_23/09_CODE140+141,l2,,
142,code142,PR,Video,"- AI đồng hành 1 kèm 1 mọi lúc mọi nơi
- Luyện tập, luyện thi có đáp án và lời giải chi tiết
- Chi phí thấp, hiệu quả cao
- Bài giảng dễ hiểu, minh họa trực quan",,"Chi phí học tập thấp, hiệu quả",  bỏ 80k có XỨNG ĐÁNG.mp4,"BỎ RA 80K/THÁNG CHO CON HỌC TOÁN TRỰC TUYẾN - LIỆU CÓ ĐÁNG KHÔNG?
",BỎ RA 80K/THÁNG CHO CON HỌC TOÁN TRỰC TUYẾN - LIỆU CÓ ĐÁNG KHÔNG ,ok,Chi phí,CVS_TUANTA_CODE142+146,,,
143,code143,PR,Video,"- AI đồng hành 1 kèm 1 mọi lúc mọi nơi
- Luyện tập, luyện thi có đáp án và lời giải chi tiết
- Chi phí thấp, hiệu quả cao
- Bài giảng dễ hiểu, minh họa trực quan",,Nhờ học toán tư duy con lớp 2 giải được toán lớp 4, giải nhoay nhoáy toán lớp 4.mp4,"Con học lớp 2 giải toán lớp 4 nhoay nhoáy như thần đồng Toán học
",Con học lớp 2 giải toán lớp 4 nhoay nhoáy như thần đồng Toán học,"ok 
Không chạy page Kurio",Cách học,CVS_TUANTA_CODE142+146,,,
144,code144,PR,Video,"- AI đồng hành 1 kèm 1 mọi lúc mọi nơi
- Luyện tập, luyện thi có đáp án và lời giải chi tiết
- Chi phí thấp, hiệu quả cao
- Bài giảng dễ hiểu, minh họa trực quan",,"Cho con đi học thêm cả trăm triệu, không bằng con tự học ở nhà 2 tháng", ĐỔ SÔNG ĐỔ BỂ.mp4,"""Đổ sông đổ bể"" cả trăm triệu đi thuê gia sư, không bằng 2 tháng tự học trên App Toán Kurio
","""Đổ sông đổ bể"" cả trăm triệu đi thuê gia sư, không bằng 2 tháng tự học trên App Toán Kurio",ok,Không ưu tiên,,,,
145,code145,PR,Video,"- AI đồng hành 1 kèm 1 mọi lúc mọi nơi
- Luyện tập, luyện thi có đáp án và lời giải chi tiết
- Chi phí thấp, hiệu quả cao
- Bài giảng dễ hiểu, minh họa trực quan",,Đổi lỗi con học dốt vì điểm kiểm tra toán thấp, CHỜ DUYỆT đổ lỗi.mp4,"Ngừng ngay việc đổ lỗi con học dốt chỉ vì điểm kiểm tra Toán kém",Ngừng ngay việc đổ lỗi con học dốt chỉ vì điểm kiểm tra Toán kém,,Cách học,145+151,,,
146,code146,PR,Video,"- AI đồng hành 1 kèm 1 mọi lúc mọi nơi
- Luyện tập, luyện thi có đáp án và lời giải chi tiết
- Chi phí thấp, hiệu quả cao
- Bài giảng dễ hiểu, minh họa trực quan",,"Học toán tư duy chi phí rẻ, hiệu quả lớn",  học toán 3k.mp4,"Học toán tư duy chỉ với 3k/ngày, vẫn giữ vững top đầu lớp - Ba mẹ tiết kiệm được cả chục triệu mỗi tháng","Học toán tư duy chỉ với 3k/ngày, vẫn giữ vững top đầu lớp - Ba mẹ tiết kiệm được cả chục triệu mỗi tháng",,Chi phí,CVS_TUANTA_CODE142+146,,,
147,code147,PR,Video,"- AI đồng hành 1 kèm 1 mọi lúc mọi nơi
- Luyện tập, luyện thi có đáp án và lời giải chi tiết
- Chi phí thấp, hiệu quả cao
- Bài giảng dễ hiểu, minh họa trực quan",,Cai tính toán bằng ngon tay cho con, TUONG CON HOC GIOI_2.mp4,"Con học phương pháp Toán được quảng cáo là ""tư duy"" với cách tính toán vẩy tay, mẹ vất vả để ""cai""","Con học phương pháp Toán được quảng cáo là ""tư duy"" với cách tính toán vẩy tay, mẹ vất vả để ""cai""",ok,6 - Video mẫu về cách học,CODE147+177,,,
148,code148,PR,Video,"- AI đồng hành 1 kèm 1 mọi lúc mọi nơi
- Luyện tập, luyện thi có đáp án và lời giải chi tiết
- Chi phí thấp, hiệu quả cao
- Bài giảng dễ hiểu, minh họa trực quan",,"LẦN ĐẦU TIÊN CON ĐẠT 10 ĐIỂM TOÁN DUY NHẤT TRONG LỚP
", 2025-09-05_Con.mp4,LẦN ĐẦU TIÊN CON ĐẠT 10 ĐIỂM TOÁN DUY NHẤT TRONG LỚP,LẦN ĐẦU TIÊN CON ĐẠT 10 ĐIỂM TOÁN DUY NHẤT TRONG LỚP,,,"CVS_TUANTA_22/09_CODE148+149
",l2,,
149,code149,PR,Video,"- AI đồng hành 1 kèm 1 mọi lúc mọi nơi
- Luyện tập, luyện thi có đáp án và lời giải chi tiết
- Chi phí thấp, hiệu quả cao
- Bài giảng dễ hiểu, minh họa trực quan",,Cho con đi học thêm tốn tiền nhưng không hiệu quả, 2025-09-05.mp4,Ném tiền qua cửa sổ vì chọn sai phương pháp học Toán cho con.,Ném tiền qua cửa sổ vì chọn sai phương pháp học Toán cho con,,,"CVS_TUANTA_22/09_CODE148+149
",l2,,
150,code150,PR,Video,"- AI đồng hành 1 kèm 1 mọi lúc mọi nơi
- Luyện tập, luyện thi có đáp án và lời giải chi tiết
- Chi phí thấp, hiệu quả cao
- Bài giảng dễ hiểu, minh họa trực quan",,Con chuẩn bị sớm kiến thức khi bắt đầu vào năm học mới, CON HOC GIOI 2 NAM LIEN TIEP_3.mp4,"Con đạt học sinh giỏi 2 năm liên tiếp nhờ hè nào mẹ cũng chuẩn bị kỹ, cho con ôn tập môn Toán sớm trên Kurio 
","Con đạt học sinh giỏi 2 năm liên tiếp nhờ hè nào mẹ cũng chuẩn bị kỹ, cho con ôn tập môn Toán sớm trên Kurio",,3 - Video mẫu,,,,
151,code151,PR,Video,"- AI đồng hành 1 kèm 1 mọi lúc mọi nơi
- Luyện tập, luyện thi có đáp án và lời giải chi tiết
- Chi phí thấp, hiệu quả cao
- Bài giảng dễ hiểu, minh họa trực quan",,"Con học máy móc, dập khuôn chỉ biết áp dụng công thức",  học máy móc.mp4,"HỌC TOÁN MÀ MÁY MÓC, DẬP KHUÔN THÌ LÀM SAO LÊN ĐƯỢC CẤP 2","HỌC TOÁN MÀ MÁY MÓC, DẬP KHUÔN THÌ LÀM SAO LÊN ĐƯỢC CẤP 20",ok,5 - Cách học,145+151,,,
152,code152,PR,Video,"- AI đồng hành 1 kèm 1 mọi lúc mọi nơi
- Luyện tập, luyện thi có đáp án và lời giải chi tiết
- Chi phí thấp, hiệu quả cao
- Bài giảng dễ hiểu, minh họa trực quan",,"Lầm tưởng của phụ huynh khi con giải toán mà chỉ biết làm bài theo mẫu, thay đổi là bó tay", 2025-09-29.mp4,"TƯỞNG CON HỌC TỐT TOÁN KHI NHÌN VÀO ĐIỂM SỐ NHƯNG THẬT SỰ CON LÀ “MÁY” GIẢI TOÁN
",TƯỞNG CON HỌC TỐT TOÁN KHI NHÌN VÀO ĐIỂM SỐ NHƯNG THẬT SỰ CON LÀ “MÁY” GIẢI TOÁNg,ok,4 - Cách học,160+152,,,
153,code153,PR,Video,"- AI đồng hành 1 kèm 1 mọi lúc mọi nơi
- Luyện tập, luyện thi có đáp án và lời giải chi tiết
- Chi phí thấp, hiệu quả cao
- Bài giảng dễ hiểu, minh họa trực quan",,"Mẹ xấu hổ, tự ti vì con không đi học toán tư duy tiền tiểu học nên yếu ", 2025-09-25.mp4,"Cảm thấy xấu hổ và tự ti vô cùng khi con người ta nhanh nhẹn, thông minh …","Cảm thấy xấu hổ và tự ti vô cùng khi con người ta nhanh nhẹn, thông minh …",ok,,,,,
154,code154,PR,Video,"- AI đồng hành 1 kèm 1 mọi lúc mọi nơi
- Luyện tập, luyện thi có đáp án và lời giải chi tiết
- Chi phí thấp, hiệu quả cao
- Bài giảng dễ hiểu, minh họa trực quan",,"Con học yếu lớp 4, nhưng vẫn chuyển cấp thành công nhờ thay đổi phương pháp học với toán Kurio", 2025-09-23.mp4,"CON ĐỨNG BÉT LỚP TỪ NĂM NÀY QUA NĂM KHÁC, CUỐI CÙNG CHUYỂN CẤP THÀNH CÔNG VÀO TRƯỜNG TOP Ở HÀ NỘI","CON ĐỨNG BÉT LỚP TỪ NĂM NÀY QUA NĂM KHÁC, CUỐI CÙNG CHUYỂN CẤP THÀNH CÔNG VÀO TRƯỜNG TOP Ở HÀ NỘI",ok,3 - Video mẫu,code154+155,,,
155,code155,PR,Video,"- AI đồng hành 1 kèm 1 mọi lúc mọi nơi
- Luyện tập, luyện thi có đáp án và lời giải chi tiết
- Chi phí thấp, hiệu quả cao
- Bài giảng dễ hiểu, minh họa trực quan",,"Giải pháp cho con không đi học thêm, mà vẫn có gia sư AI luôn đồng hành kèm 1:1", 2025-09-15_Con.mp4,"NHÀ KHÔNG CÓ ĐIỀU KIỆN CHO CON ĐI HỌC TRUNG TÂM HAY GIA SƯ
",NHÀ KHÔNG CÓ ĐIỀU KIỆN CHO CON ĐI HỌC TRUNG TÂM HAY GIA SƯg,ok,3 - Video mẫu,code154+155,,,
156,code156,PR,Video,"- AI đồng hành 1 kèm 1 mọi lúc mọi nơi
- Luyện tập, luyện thi có đáp án và lời giải chi tiết
- Chi phí thấp, hiệu quả cao
- Bài giảng dễ hiểu, minh họa trực quan",,"Con học yếu, hổng kiến thức nhưng vẫn muốn vào trường chuyên lớp chọn gần nhà
", 2025-10-09.mp4,"CON LẸT ĐẸT 5, 6 ĐIỂM NHƯNG MỤC TIÊU VÀO TRƯỜNG CHUYÊN GẦN NHÀ
","CON LẸT ĐẸT 5, 6 ĐIỂM NHƯNG MỤC TIÊU VÀO TRƯỜNG CHUYÊN GẦN NHÀ",đã comment,2,code87+156,,,
157,code157,PR,Video,"- AI đồng hành 1 kèm 1 mọi lúc mọi nơi
- Luyện tập, luyện thi có đáp án và lời giải chi tiết
- Chi phí thấp, hiệu quả cao
- Bài giảng dễ hiểu, minh họa trực quan",,"Mẹ bận bịu không có thời gian kèm con học, tìm phương pháp giúp con tự học mà vẫn đạt hiệu quả cao", mẹ ngân hàng.mp4,MẸ LÀM NGÂN HÀNG BẬN BỊU NHƯNG VẪN “NHÀN TÊNH” CHUYỆN HỌC CỦA CON,MẸ LÀM NGÂN HÀNG BẬN BỊU NHƯNG VẪN “NHÀN TÊNH” CHUYỆN HỌC CỦA CON,ok,Không ưu tiên,,,,
158,code158,PR,Video,"- AI đồng hành 1 kèm 1 mọi lúc mọi nơi
- Luyện tập, luyện thi có đáp án và lời giải chi tiết
- Chi phí thấp, hiệu quả cao
- Bài giảng dễ hiểu, minh họa trực quan",,Đầu tư cho con đi học nhưng không hiệu quả, nghiến răng nghiến lợi.mp4,"ĐẦU TƯ HƠN CHỤC TRIỆU CHO CON ĐI HỌC THÊM NHƯNG CÁI KẾT LÀ TIỀN MẤT TẬT MANG
",ĐẦU TƯ HƠN CHỤC TRIỆU CHO CON ĐI HỌC THÊM NHƯNG CÁI KẾT LÀ TIỀN MẤT TẬT MANG,đã comment,1 - Ưu tiên,code158+71,,,
159,code159,PR,Video,"- AI đồng hành 1 kèm 1 mọi lúc mọi nơi
- Luyện tập, luyện thi có đáp án và lời giải chi tiết
- Chi phí thấp, hiệu quả cao
- Bài giảng dễ hiểu, minh họa trực quan",,"Đầu tư cho con đi học tiền tiểu học nhưng chỉ học vẹt, nhồi nhét con số", học tiền tiểu học giá cao.mp4,"CON ĐI HỌC TIỀN TIỂU HỌC, CUỐI CÙNG MẸ LẠI RƠI VÀO CẢNH TIỀN MẤT TẬT MANG
","CON ĐI HỌC TIỀN TIỂU HỌC, CUỐI CÙNG MẸ LẠI RƠI VÀO CẢNH TIỀN MẤT TẬT MANG",ok,Không ưu tiên,,,,
160,code160,PR,Video,"- AI đồng hành 1 kèm 1 mọi lúc mọi nơi
- Luyện tập, luyện thi có đáp án và lời giải chi tiết
- Chi phí thấp, hiệu quả cao
- Bài giảng dễ hiểu, minh họa trực quan",,"Con học lớp 4 mà hổng kiến thức phần phân số, dễ dẫn đến mất gốc cả năm, mất kiến thức lớp năm căn bản",LỚP 4 HỔNG KIẾN THỨC.mp4,Con đang học lớp 4 bị hổng kiến thức phân số,"Con đang học lớp 4 bị hổng kiến thức phân số, ba mẹ bận rộn không có chuyên môn sư phạm để kèm con, thuê gia sư hay đi học thêm thì chi phí cao",ok,,160+152,,,
161,code161,PR,Video,"- AI đồng hành 1 kèm 1 mọi lúc mọi nơi
- Luyện tập, luyện thi có đáp án và lời giải chi tiết
- Chi phí thấp, hiệu quả cao
- Bài giảng dễ hiểu, minh họa trực quan",,"Con học yếu, tiếp thu chậm nhưng sợ hỏi bài",gắn mác.mp4,"Lo lắng con bị ""não cá vàng"", sợ hỏi bài và mất gốc môn Toán?","Lo lắng con bị ""não cá vàng"", sợ hỏi bài và mất gốc môn Toán",ok,,,,,
162,code162,PR,Video,"- AI đồng hành 1 kèm 1 mọi lúc mọi nơi
- Luyện tập, luyện thi có đáp án và lời giải chi tiết
- Chi phí thấp, hiệu quả cao
- Bài giảng dễ hiểu, minh họa trực quan",,Sai lầm của bố mẹ cho con chạy đua học tiền tiểu học,học tth.mp4,"""Chạy đua"" học tiền tiểu học là sai lầm lớn của nhiều phụ huynh!
","""Chạy đua"" học tiền tiểu học là sai lầm lớn của nhiều phụ huynh",ok,,,,,
163,code163,PR,Video,"- AI đồng hành 1 kèm 1 mọi lúc mọi nơi
- Luyện tập, luyện thi có đáp án và lời giải chi tiết
- Chi phí thấp, hiệu quả cao
- Bài giảng dễ hiểu, minh họa trực quan",,PR Toán Kurio kết hợp cùng AI, 250509-fb-post.mp4,KHAI THÁC SỨC MẠNH CỦA AI TRONG VIỆC HỌC TOÁN,KHAI THÁC SỨC MẠNH CỦA AI TRONG VIỆC HỌC TOÁN,đã comment. test thử 1 nội dung y hệt nhưng với video có thêm nhạc nền nhé,,,,,
164,code164,PR,Video,"- AI đồng hành 1 kèm 1 mọi lúc mọi nơi
- Luyện tập, luyện thi có đáp án và lời giải chi tiết
- Chi phí thấp, hiệu quả cao
- Bài giảng dễ hiểu, minh họa trực quan",,PR Toán Kurio kết hợp cùng AI, 250423.mp4,"“Gia sư” AI của Kurio hiểu con hơn cả giáo viên - Thay thế hoàn toàn vai trò của giáo viên !!",😍“Gia sư” AI của Kurio hiểu con hơn cả giáo viên 🌟 Thay thế hoàn toàn vai trò của giáo viên ,ok. cũng test 1 cái tương tự nhưng với video có nhạc nền,,,,,
165,code165,PR,Video,"- AI đồng hành 1 kèm 1 mọi lúc mọi nơi
- Luyện tập, luyện thi có đáp án và lời giải chi tiết
- Chi phí thấp, hiệu quả cao
- Bài giảng dễ hiểu, minh họa trực quan",,Ôn thi IKMC ,https://drive.google.com/file/d/1pUYTTOkE06Ws77zJCXpYJPcolrbOiLZ1/view?t=92,"""Chị ơi ôn thi IKMC ở đâu sát đề thi thật nhất để con đạt giải cao ạ? Chị cho em xin thông tin với""","""Chị ơi ôn thi IKMC ở đâu sát đề thi thật nhất để con đạt giải cao ạ","ok, nhưng cần để ý thời gian đầu xem nội dung có ảnh hưởng gì đến chuyển đổi không, vì có đoạn ""đến tháng 2 mới ôn thi""",,165+166,,,
166,code166,PR,Video,"- AI đồng hành 1 kèm 1 mọi lúc mọi nơi
- Luyện tập, luyện thi có đáp án và lời giải chi tiết
- Chi phí thấp, hiệu quả cao
- Bài giảng dễ hiểu, minh họa trực quan",,Đầu tư sai cách cho con ôn thi IKMC không bằng ôn thi trên Kurio với 80k/tháng,https://drive.google.com/file/d/1PfPeVYcJlwrFDosrMp05WlwACxA6oD1H/view?t=5,"LÃNG PHÍ 15 triệu ôn thi IKMC không hiệu quả bằng 1 khóa học Kurio!!!
",LÃNG PHÍ 15 triệu ôn thi IKMC không hiệu quả bằng 1 khóa học Kurio,ok,,165+166,,,
167,code167,PR,Video,"- AI đồng hành 1 kèm 1 mọi lúc mọi nơi
- Luyện tập, luyện thi có đáp án và lời giải chi tiết
- Chi phí thấp, hiệu quả cao
- Bài giảng dễ hiểu, minh họa trực quan",,Con đạt top ngay trong lần đầu tiên tham gia kỳ thi IKMC,https://drive.google.com/open?id=1RIpq2oPqPL33_t0L7dVNoJgF1EuzLWrH&authuser=1&t=4,"ĐẠT TOP 15% NGAY NĂM ĐẦU THAM GIA KỲ THI TOÁN IKMC",ĐẠT TOP 15% NGAY NĂM ĐẦU THAM GIA KỲ THI TOÁN IKMC,ok,,,,,
168,code168,Stroytelling,IMG,"- AI đồng hành 1 kèm 1 mọi lúc mọi nơi
- Luyện tập, luyện thi có đáp án và lời giải chi tiết
- Chi phí thấp, hiệu quả cao
- Bài giảng dễ hiểu, minh họa trực quan",,"Cách mình cho con tự luyện thi IKMC tại nhà vẫn đạt top 10% khối ngay lần thi đầu tiên!",Ảnh,"Cách mình cho con tự luyện thi IKMC tại nhà vẫn đạt top 10% khối ngay lần thi đầu tiên!",Cách mình cho con tự luyện thi IKMC tại nhà vẫn đạt top 10% khối ngay lần thi đầu tiên,ok,,168+169,,,
169,code169,Stroytelling,IMG,"- AI đồng hành 1 kèm 1 mọi lúc mọi nơi
- Luyện tập, luyện thi có đáp án và lời giải chi tiết
- Chi phí thấp, hiệu quả cao
- Bài giảng dễ hiểu, minh họa trực quan",,Một trong những bí kíp nho nhỏ giúp bé nhà mình lọt top 5% của IKMC năm ngoái là con có nhiều thời gian làm quen với các dạng bài hay thi.,Ảnh,Một trong những bí kíp nho nhỏ giúp bé nhà mình lọt top 5% của IKMC năm ngoái là con có nhiều thời gian làm quen với các dạng bài hay thi.,Một trong những bí kíp nho nhỏ giúp bé nhà mình lọt top 5% của IKMC năm ngoái là con có nhiều thời gian làm quen với các dạng bài hay thi,ok,,168+169,,,
170,code170,PR,Video,"- AI đồng hành 1 kèm 1 mọi lúc mọi nơi
- Luyện tập, luyện thi có đáp án và lời giải chi tiết
- Chi phí thấp, hiệu quả cao
- Bài giảng dễ hiểu, minh họa trực quan",,Phương pháp ôn thi IKMC ,https://drive.google.com/open?id=1ccvrn-6eKs6GuZCUM9cSSUwfVrKrBeey&authuser=1&t=2,ÔN THI IKMC NĂM ĐẦU CHỈ TRONG 2 THÁNG CON VẪN LỌT TOP 5%,ÔN THI IKMC NĂM ĐẦU CHỈ TRONG 2 THÁNG CON VẪN LỌT TOP 5%,"ok, lưu ý tương tự code165",,170+171,,,
171,code171,PR,Video,"- AI đồng hành 1 kèm 1 mọi lúc mọi nơi
- Luyện tập, luyện thi có đáp án và lời giải chi tiết
- Chi phí thấp, hiệu quả cao
- Bài giảng dễ hiểu, minh họa trực quan",,Phương pháp ôn thi IKMC ,https://drive.google.com/file/d/1UMRwnaqzREBVjuKeIW1EABlQIRJSPlCD/view,2 năm liền con lọt top 10% kỳ thi Toán quốc tế IKMC nhờ chiến thuật học tập thông minh này,"2 năm liền con lọt top 10% kỳ thi Toán quốc tế IKMC nhờ chiến thuật học tập thông minh này, các mẹ tham khảo cho con ôn tập nhé: [LINK]",ok,,170+171,,,
172,code172,PR,Video,"- AI đồng hành 1 kèm 1 mọi lúc mọi nơi
- Luyện tập, luyện thi có đáp án và lời giải chi tiết
- Chi phí thấp, hiệu quả cao
- Bài giảng dễ hiểu, minh họa trực quan",,"Giải pháp tự học, có gia sư, lộ trình chứ không phải mò mẫm từng phần", TỰ HỌC CÁ NHÂN HÓA,"Con có thể tự học Toán tại nhà với Toán tư duy Kurio, có gia sư AI 1:1 và lộ trình học cá nhân hóa chỉ với 3k/ngày. ","Con có thể tự học Toán tại nhà với Toán tư duy Kurio, có gia sư AI 1:1 và lộ trình học cá nhân hóa chỉ với 3k/ngày",ok,,CODE172+179,,,
173,code173,PR,Video,"- AI đồng hành 1 kèm 1 mọi lúc mọi nơi
- Luyện tập, luyện thi có đáp án và lời giải chi tiết
- Chi phí thấp, hiệu quả cao
- Bài giảng dễ hiểu, minh họa trực quan",,"Chia sẻ của người mẹ cho con đi học toán tiền tiểu học, giờ con lớp 1 đang vượt trội hơn hẳn so với các bạn",con học lớp 1.mp4,Con học lớp 1 vượt trội nhờ mẹ quyết tâm cho con học khóa toán tư duy tiền tiểu học Kurio. ,Con học lớp 1 vượt trội nhờ mẹ quyết tâm cho con học khóa toán tư duy tiền tiểu học Kurio,ok,,,,,
174,code174,PR,Video,"- AI đồng hành 1 kèm 1 mọi lúc mọi nơi
- Luyện tập, luyện thi có đáp án và lời giải chi tiết
- Chi phí thấp, hiệu quả cao
- Bài giảng dễ hiểu, minh họa trực quan",,"- Con ở nhà cho ông bà dạy toán, con vẫn 3 năm liền đạt học sinh giỏi
- Nội dung tập trung vào việc con có lộ trình học cá nhân hóa và AI đồng hành",  ở với ông bà.mp4,"Bố mẹ dạy con cả năm ""đổ sông đổ bể"", ở với ông bà thì liên tiếp đạt học sinh giỏi","Bố mẹ dạy con cả năm ""đổ sông đổ bể"", ở với ông bà thì liên tiếp đạt học sinh giỏi",ok,,,,,
175,code175,PR,Video,"- AI đồng hành 1 kèm 1 mọi lúc mọi nơi
- Luyện tập, luyện thi có đáp án và lời giải chi tiết
- Chi phí thấp, hiệu quả cao
- Bài giảng dễ hiểu, minh họa trực quan",," Kinh nghiệm dạy con chỉ 30ph mỗi ngày của mẹ giáo viên, con 3 năm liền đạt học sinh giỏi cấp thành phố",3 năm HSG.mp4,"Con đã đạt học sinh giỏi cấp thành phố 3 năm liên tiếp và nằm trong top 5-10% kỳ thi IKMC trong 2 năm. ",Con đã đạt học sinh giỏi cấp thành phố 3 năm liên tiếp và nằm trong top 5-10% kỳ thi IKMC trong 2 năm,ok,,CODE181+175,,,
176,code176,PR,Video,"- AI đồng hành 1 kèm 1 mọi lúc mọi nơi
- Luyện tập, luyện thi có đáp án và lời giải chi tiết
- Chi phí thấp, hiệu quả cao
- Bài giảng dễ hiểu, minh họa trực quan",," Giải pháp con tự học toán hiệu quả tại nhà với Toán Kurio, vừa được chủ động học tập mà vẫn có lộ trình cá nhân hóa rõ ràng, luôn có gia sư đồng hành", GIAI_PHAP_TOAN_GS_KEM_1_1.mp4,"Tưởng chừng như khó khăn khi tìm trung tâm dạy thêm Toán hay gia sư đắt đỏ, nhưng may mắn mình đã biết đến giải pháp Toán Kurio với gia sư AI 1 kèm 1, chi phí chỉ hơn 80k/tháng.","Tưởng chừng như khó khăn khi tìm trung tâm dạy thêm Toán hay gia sư đắt đỏ, nhưng may mắn mình đã biết đến giải pháp Toán Kurio với gia sư AI 1 kèm 1, chi phí chỉ hơn 80k/tháng",ok,,Code219+176,,,
177,code177,PR,Video,"- AI đồng hành 1 kèm 1 mọi lúc mọi nơi
- Luyện tập, luyện thi có đáp án và lời giải chi tiết
- Chi phí thấp, hiệu quả cao
- Bài giảng dễ hiểu, minh họa trực quan",,Học Toán thông minh với lộ trình cá nhân hóa cùng Kurio, 2025-10-24.mp4,"Đừng để bị dắt mũi bởi các trung tâm Toán!
",Đừng để bị dắt mũi bởi các trung tâm Toán,ok,,CODE147+177,,,
178,code178,IKMC,Video,"- AI đồng hành 1 kèm 1 mọi lúc mọi nơi
- Luyện tập, luyện thi có đáp án và lời giải chi tiết
- Chi phí thấp, hiệu quả cao
- Bài giảng dễ hiểu, minh họa trực quan",,Khai thác phụ huynh có con tham gia kì thi IKMC,  ĐIỂM NẰM SÀN.mp4,"Con từ điểm ""nằm sàn"" vươn lên top 10% cuộc thi Toán Quốc tế IKMC nhờ khóa luyện thi của Toán Kurio, chỉ với 3k/ngày.
","Con từ điểm ""nằm sàn"" vươn lên top 10% cuộc thi Toán Quốc tế IKMC nhờ khóa luyện thi của Toán Kurio, chỉ với 3k/ngày",ok,,178+180,,,
179,code179,PR,Video,"- AI đồng hành 1 kèm 1 mọi lúc mọi nơi
- Luyện tập, luyện thi có đáp án và lời giải chi tiết
- Chi phí thấp, hiệu quả cao
- Bài giảng dễ hiểu, minh họa trực quan",,"Lộ trình cá nhân hóa, vừa có gia sư kèm 1:1 mà chỉ có 80k/tháng", ĐÃ_TEST_2025-10-29.mp4,"Làm gì có chuyện học vừa có lộ trình cá nhân hóa, vừa có gia sư kèm 1:1 chuẩn Quốc tế mà chỉ tốn hơn 80K/tháng? 
","Làm gì có chuyện học vừa có lộ trình cá nhân hóa, vừa có gia sư kèm 1:1 chuẩn Quốc tế mà chỉ tốn hơn 80K/tháng",ok,,CODE172+179,,,
180,code180,PR,Video,"- AI đồng hành 1 kèm 1 mọi lúc mọi nơi
- Luyện tập, luyện thi có đáp án và lời giải chi tiết
- Chi phí thấp, hiệu quả cao
- Bài giảng dễ hiểu, minh họa trực quan",, Quá trình ôn thi IKMC của 2 mẹ con từ top ..% lên top ...%, 2025-11-05.mp4,HÀNH TRÌNH TỪ TOP 50% ĐẾN TOP 15% IKMC SAU 3 THÁNG CÙNG TOÁN KURIO! ,HÀNH TRÌNH TỪ TOP 50% ĐẾN TOP 15% IKMC SAU 3 THÁNG CÙNG TOÁN KURIO,ok,,178+180,,,
181,code181,PR,Video,"- AI đồng hành 1 kèm 1 mọi lúc mọi nơi
- Luyện tập, luyện thi có đáp án và lời giải chi tiết
- Chi phí thấp, hiệu quả cao
- Bài giảng dễ hiểu, minh họa trực quan",,"Ôn thi IKMC chỉ với ..k/ngày ngay tại nhà, con vẫn đạt top ...%", 2025-11-07.mp4,Ẵm huy chương Distinction IKMC nhờ tự ôn với khóa học Kurio chỉ hơn 3k/ngày,Ẵm huy chương Distinction IKMC nhờ tự ôn với khóa học Kurio chỉ hơn 3k/ngày,ok,,CODE181+175,,,
182,code182,PR,Video,"- AI đồng hành 1 kèm 1 mọi lúc mọi nơi
- Luyện tập, luyện thi có đáp án và lời giải chi tiết
- Chi phí thấp, hiệu quả cao
- Bài giảng dễ hiểu, minh họa trực quan",,Chỉ với 3k/ngày con vẫn có thể ôn trọn kiến thức trước kỳ thi học kỳ I,chỉ 3kngày.mp4,"Chỉ với 3k/ngày con vẫn có thể ôn trọn kiến thức trước kỳ thi học kỳ I, được lộ trình hóa ôn tập, lộ trình luyện thi học kỳ rõ ràng","Chỉ với 3k/ngày con vẫn có thể ôn trọn kiến thức trước kỳ thi học kỳ I, được lộ trình hóa ôn tập, lộ trình luyện thi học kỳ rõ ràng",ok,,CODE182+183,,,
183,code183,PR,Video,"- AI đồng hành 1 kèm 1 mọi lúc mọi nơi
- Luyện tập, luyện thi có đáp án và lời giải chi tiết
- Chi phí thấp, hiệu quả cao
- Bài giảng dễ hiểu, minh họa trực quan",," Con học gần hết kỳ mà phép chia có dư vẫn còn đang loay hoay, học trước quên sau thì sao mà bố mẹ yên tâm để cho con thi học kì I", phép chia có dư.mp4,"Con học gần hết kỳ mà vẫn loay hoay với phép chia có dư, bố mẹ lo lắng cho kỳ thi học kì I.","Con học gần hết kỳ mà vẫn loay hoay với phép chia có dư, bố mẹ lo lắng cho kỳ thi học kì I",ok,,CODE182+183,,,
184,code184,PR,Video,"- AI đồng hành 1 kèm 1 mọi lúc mọi nơi
- Luyện tập, luyện thi có đáp án và lời giải chi tiết
- Chi phí thấp, hiệu quả cao
- Bài giảng dễ hiểu, minh họa trực quan",,,chờ duyệt - rèn con học.mp4,"Cách mình rèn con để 3 năm liền đạt học sinh giỏi, môn Toán chưa bao giờ dưới 9","Cách mình rèn con để 3 năm liền đạt học sinh giỏi, môn Toán chưa bao giờ dưới 9",ok,,Code184+185,,,
185,code185,PR,Video,"- AI đồng hành 1 kèm 1 mọi lúc mọi nơi
- Luyện tập, luyện thi có đáp án và lời giải chi tiết
- Chi phí thấp, hiệu quả cao
- Bài giảng dễ hiểu, minh họa trực quan",,,chờ duyệt - không đến trung tâm.mp4,"Không cần đến trung tâm, không cần đi học thêm con tự học ở nhà đạt 9, 10 điểm Toán","Không cần đến trung tâm, không cần đi học thêm con tự học ở nhà đạt 9, 10 điểm Toán",ok,,Code184+185,,,
186,code186,PR,Video,"- AI đồng hành 1 kèm 1 mọi lúc mọi nơi
- Luyện tập, luyện thi có đáp án và lời giải chi tiết
- Chi phí thấp, hiệu quả cao
- Bài giảng dễ hiểu, minh họa trực quan",,,chờ duyệt - đầu tư cả chục triệu.mp4,Đầu tư cả chục triệu cho con học thêm mỗi tháng mà điểm Toán vẫn lẹt đẹt 5–6,Đầu tư cả chục triệu cho con học thêm mỗi tháng mà điểm Toán vẫn lẹt đẹt 5–6,ok,,CODE186+187,,,
187,code187,PR,Video,"- AI đồng hành 1 kèm 1 mọi lúc mọi nơi
- Luyện tập, luyện thi có đáp án và lời giải chi tiết
- Chi phí thấp, hiệu quả cao
- Bài giảng dễ hiểu, minh họa trực quan",,,chờ duyệt - chỉ 80ktháng.mp4,"Chỉ với hơn 80k/tháng, con được luyện đề, rèn phản xạ thi thật và học với gia sư AI 1 kèm 1, lại còn có lộ trình cá nhân hóa để bù lỗ hổng kiến thức.
","Chỉ với hơn 80k/tháng, con được luyện đề, rèn phản xạ thi thật và học với gia sư AI 1 kèm 1, lại còn có lộ trình cá nhân hóa để bù lỗ hổng kiến thức",ok,,CODE186+187,,,
188,code188,Storytelling page cá nhân,text,"- AI đồng hành 1 kèm 1 mọi lúc mọi nơi
- Luyện tập, luyện thi có đáp án và lời giải chi tiết
- Chi phí thấp, hiệu quả cao
- Bài giảng dễ hiểu, minh họa trực quan",,,,,2026 CON SẼ TỤT HẬU CHỈ VÌ MẸ CHẬM CHÂN TRONG VIỆC ÁP DỤNG TOÁN TƯ DUY CÙNG AI CHO CON,ok,,code188+189,,,
189,code189,Storytelling page cá nhân,text,"- AI đồng hành 1 kèm 1 mọi lúc mọi nơi
- Luyện tập, luyện thi có đáp án và lời giải chi tiết
- Chi phí thấp, hiệu quả cao
- Bài giảng dễ hiểu, minh họa trực quan",,,,,Con em từng “mất gốc” Toán mà vừa ẵm điểm 9 cuối kỳ nhờ gia sư AI Kurio,ok,,code188+189,,,
190,code190,Storytelling page cá nhân,text,"- AI đồng hành 1 kèm 1 mọi lúc mọi nơi
- Luyện tập, luyện thi có đáp án và lời giải chi tiết
- Chi phí thấp, hiệu quả cao
- Bài giảng dễ hiểu, minh họa trực quan",,,,"XU HƯỚNG HỌC TOÁN TƯ DUY CÙNG AI – TỪ GIÁO DỤC GHI NHỚ SANG GIÁO DỤC TƯ DUY
",XU HƯỚNG HỌC TOÁN TƯ DUY CÙNG AI – TỪ GIÁO DỤC GHI NHỚ SANG GIÁO DỤC TƯ DUY,ok,,code190+110,,,
191,code191,PR,Video,"- AI đồng hành 1 kèm 1 mọi lúc mọi nơi
- Luyện tập, luyện thi có đáp án và lời giải chi tiết
- Chi phí thấp, hiệu quả cao
- Bài giảng dễ hiểu, minh họa trực quan",,, 2026-01-20.mp4,"Tiền học thêm mỗi tháng vẫn đóng đủ, con vẫn đi học trung tâm đều đặn nhưng điểm Toán vẫn dậm chân tại chỗ","Kịch bản: Tiền học thêm mỗi tháng vẫn đóng đủ, con vẫn đi học trung tâm đều đặn nhưng điểm Toán vẫn dậm chân tại chỗ","ok, chỉ cần lưu ý không sử dụng các hình ảnh tiêu cực (kiểu phụ huynh đánh con/mắng con) là được nhé",,CODE191+192,,,
191,code192,PR,Video,"- AI đồng hành 1 kèm 1 mọi lúc mọi nơi
- Luyện tập, luyện thi có đáp án và lời giải chi tiết
- Chi phí thấp, hiệu quả cao
- Bài giảng dễ hiểu, minh họa trực quan",,,2026-01-21.mp4,"ĐỪNG CHO CON HỌC TOÁN TƯ DUY VỚI AI NẾU KHÔNG MUỐN…
",ĐỪNG CHO CON HỌC TOÁN TƯ DUY VỚI AI NẾU KHÔNG MUỐN…,ok,,CODE191+192,,,
191,code193,FB/TIKTOK,Video,"- AI đồng hành 1 kèm 1 mọi lúc mọi nơi
- Luyện tập, luyện thi có đáp án và lời giải chi tiết
- Chi phí thấp, hiệu quả cao
- Bài giảng dễ hiểu, minh họa trực quan",,,Khuyến Mãi Kurio - 13.01.2026.mp4,"🤖 HỌC TOÁN TƯ DUY CÙNG GIA SƯ AI 1 KÈM 1
",🤖 HỌC TOÁN TƯ DUY CÙNG GIA SƯ AI 1 KÈM 1,ok,,,,,
191,code194,Storytelling page cá nhân,text,"- AI đồng hành 1 kèm 1 mọi lúc mọi nơi
- Luyện tập, luyện thi có đáp án và lời giải chi tiết
- Chi phí thấp, hiệu quả cao
- Bài giảng dễ hiểu, minh họa trực quan",,,,CHO CON THI IKMC MÀ CHƯA BIẾT ĐẾN TOÁN TƯ DUY KURIO THÌ THẬT SỰ LÀ THIẾU SÓT LỚN,CHO CON THI IKMC MÀ CHƯA BIẾT ĐẾN TOÁN TƯ DUY KURIO THÌ THẬT SỰ LÀ THIẾU SÓT LỚN,ok,,CODE194,,,
191,code195,Storytelling page cá nhân,text,"- AI đồng hành 1 kèm 1 mọi lúc mọi nơi
- Luyện tập, luyện thi có đáp án và lời giải chi tiết
- Chi phí thấp, hiệu quả cao
- Bài giảng dễ hiểu, minh họa trực quan",,,,"CON TỰ ÔN Ở NHÀ VẪN LỌT TOP 5% KỲ THI IKMC CHỈ VÌ MẸ CHỌN ĐÚNG PHƯƠNG PHÁP
",CON TỰ ÔN Ở NHÀ VẪN LỌT TOP 5% KỲ THI IKMC CHỈ VÌ MẸ CHỌN ĐÚNG PHƯƠNG PHÁP,đã comment,,CODE195,,,
191,code196,PR,Video,"- AI đồng hành 1 kèm 1 mọi lúc mọi nơi
- Luyện tập, luyện thi có đáp án và lời giải chi tiết
- Chi phí thấp, hiệu quả cao
- Bài giảng dễ hiểu, minh họa trực quan",,,https://www.canva.com/design/DAG-8rU8Nhc/uOyEAJrCyDrvA5KPX2bf7A/edit?utm_content=DAG-8rU8Nhc&utm_campaign=designshare&utm_medium=link2&utm_source=sharebutton,App luyện thi Toán Kangaroo (IKMC) 2025 bám sát đề thi thật,"App luyện thi Toán Kangaroo (IKMC) 2025 bám sát đề thi thật, tích hợp học toán tư duy bám sát nội dung chương trình của bộ giáo dục giúp con phát triển toàn diện về tư duy, khả năng logic, phân tích và sáng tạo của Toán Kurio:[LINK]",đã comment,,CODE196+197,,,
191,code197,FB/TIKTOK,Video,"- AI đồng hành 1 kèm 1 mọi lúc mọi nơi
- Luyện tập, luyện thi có đáp án và lời giải chi tiết
- Chi phí thấp, hiệu quả cao
- Bài giảng dễ hiểu, minh họa trực quan",,,https://www.canva.com/design/DAG-8u8sDBU/Cjm7rWHJdvUN9W8Ke5aLJA/edit?utm_content=DAG-8u8sDBU&utm_campaign=designshare&utm_medium=link2&utm_source=sharebutton,"Bộ đề luyện thi Toán Kangaroo 2026 mới nhất ba mẹ đã có chưa: [LINK]",Bộ đề luyện thi Toán Kangaroo 2026 mới nhất ba mẹ đã có chưa: [LINK],ok,,CODE196+197,,,
191,code198,IKMC,Video,"- AI đồng hành 1 kèm 1 mọi lúc mọi nơi
- Luyện tập, luyện thi có đáp án và lời giải chi tiết
- Chi phí thấp, hiệu quả cao
- Bài giảng dễ hiểu, minh họa trực quan",,,2026-01-28.mp4,"ÔN THI IKMC CÙNG GIA SƯ AI KÈM 1:1 TRÊN TOÁN KURIO",ÔN THI IKMC CÙNG GIA SƯ AI KÈM 1:1 TRÊN TOÁN KURIO,đã comment,,CODE198+199,,,
191,code199,IKMC,Video,"- AI đồng hành 1 kèm 1 mọi lúc mọi nơi
- Luyện tập, luyện thi có đáp án và lời giải chi tiết
- Chi phí thấp, hiệu quả cao
- Bài giảng dễ hiểu, minh họa trực quan",,,2026-01-27.mp4,"BỨT TỐC ÔN THI IKMC VỚI LỘ TRÌNH CÁ NHÂN HÓA CHỈ TRONG 2 THÁNG
",BỨT TỐC ÔN THI IKMC VỚI LỘ TRÌNH CÁ NHÂN HÓA CHỈ TRONG 2 THÁNG,đã comment,,CODE198+199,,,
191,code200,PR,IMG,"- AI đồng hành 1 kèm 1 mọi lúc mọi nơi
- Luyện tập, luyện thi có đáp án và lời giải chi tiết
- Chi phí thấp, hiệu quả cao
- Bài giảng dễ hiểu, minh họa trực quan",,,https://www.canva.com/design/DAG_mh27OeY/TBFGWxgvGC8D4CofUYdrzg/edit?utm_content=DAG_mh27OeY&utm_campaign=designshare&utm_medium=link2&utm_source=sharebutton,"Chỉ từ 80k/tháng -  Con sở hữu ngay phương pháp học Toán tư duy ứng dụng AI thông minh giúp con phát triển tư duy, bứt phá điểm số","👉 Chỉ từ 80k/tháng -  Con sở hữu ngay phương pháp học Toán tư duy ứng dụng AI thông minh giúp con phát triển tư duy, bứt phá điểm số: https://gioitoan",ok,,code200,,,
191,code201,PR,IMG,"- AI đồng hành 1 kèm 1 mọi lúc mọi nơi
- Luyện tập, luyện thi có đáp án và lời giải chi tiết
- Chi phí thấp, hiệu quả cao
- Bài giảng dễ hiểu, minh họa trực quan",,,https://www.canva.com/design/DAG_mzrC1Rw/aengpeCgqVnVRG0YgfFxdw/edit?utm_content=DAG_mzrC1Rw&utm_campaign=designshare&utm_medium=link2&utm_source=sharebutton,"CHỈ 80K/THÁNG - CON VỪA ĐƯỢC HỌC TOÁN TƯ DUY, VỪA CÓ LỘ TRÌNH CÁ NHÂN HÓA, VỪA CÓ GIA SƯ AI KÈM 1:1 THÌ KIẾM ĐÂU RA?
","CHỈ 80K/THÁNG - CON VỪA ĐƯỢC HỌC TOÁN TƯ DUY, VỪA CÓ LỘ TRÌNH CÁ NHÂN HÓA, VỪA CÓ GIA SƯ AI KÈM 1:1 THÌ KIẾM ĐÂU RA",ok,,,,,
191,code202,IKMC,IMG,"- AI đồng hành 1 kèm 1 mọi lúc mọi nơi
- Luyện tập, luyện thi có đáp án và lời giải chi tiết
- Chi phí thấp, hiệu quả cao
- Bài giảng dễ hiểu, minh họa trực quan",,,https://drive.google.com/drive/u/7/folders/1MDtn-Ii4-5wuY6Bk65e1N7kFQ9lAdDQM,"CHINH PHỤC TOP ĐẦU KỲ THI IKMC 2026 CÙNG TOÁN TƯ DUY KURIO
",CHINH PHỤC TOP ĐẦU KỲ THI IKMC 2026 CÙNG TOÁN TƯ DUY KURIO,ok,,CODE202,,,
191,code203,PR,Video,"- AI đồng hành 1 kèm 1 mọi lúc mọi nơi
- Luyện tập, luyện thi có đáp án và lời giải chi tiết
- Chi phí thấp, hiệu quả cao
- Bài giảng dễ hiểu, minh họa trực quan",,, 2026-02-04.mp4,"GIỮ NHỊP HỌC TẾT, CON BỨT PHÁ SAU KỲ NGHỈ DÀI
","GIỮ NHỊP HỌC TẾT, CON BỨT PHÁ SAU KỲ NGHỈ DÀI","ok, lưu ý khi làm video tránh các hình ảnh tiêu cực (đánh/quát mắng con)",,code203+204,,,
191,code204,PR,Video,"- AI đồng hành 1 kèm 1 mọi lúc mọi nơi
- Luyện tập, luyện thi có đáp án và lời giải chi tiết
- Chi phí thấp, hiệu quả cao
- Bài giảng dễ hiểu, minh họa trực quan",,,2026-02-05.mp4,CÓ NÊN ÉP CON HỌC TẾT ĐỂ DUY TRÌ KIẾN THỨC?,CÓ NÊN ÉP CON HỌC TẾT ĐỂ DUY TRÌ KIẾN THỨC,"ok, lưu ý khi làm video tránh các hình ảnh tiêu cực (đánh/quát mắng con)",,code203+204,,,
191,code205,PR,Video,"- AI đồng hành 1 kèm 1 mọi lúc mọi nơi
- Luyện tập, luyện thi có đáp án và lời giải chi tiết
- Chi phí thấp, hiệu quả cao
- Bài giảng dễ hiểu, minh họa trực quan",,, 2026-02-25.mp4,DỪNG NGAY VIỆC THUÊ GIA SƯ NẾU BẠN CHƯA XEM HẾT VIDEO NÀY!,DỪNG NGAY VIỆC THUÊ GIA SƯ NẾU BẠN CHƯA XEM HẾT VIDEO NÀY!,,,CODE205+206,,,
191,code206,PR,Video,"- AI đồng hành 1 kèm 1 mọi lúc mọi nơi
- Luyện tập, luyện thi có đáp án và lời giải chi tiết
- Chi phí thấp, hiệu quả cao
- Bài giảng dễ hiểu, minh họa trực quan",,, 2026-02-24.mp4,BÍ MẬT GIÚP CON TĂNG 2-3 ĐIỂM TOÁN CHỈ SAU 8 TUẦN TỰ HỌC,BÍ MẬT GIÚP CON TĂNG 2-3 ĐIỂM TOÁN CHỈ SAU 8 TUẦN TỰ HỌC,,,CODE205+206,,,
191,code207,PR,Video,"- AI đồng hành 1 kèm 1 mọi lúc mọi nơi
- Luyện tập, luyện thi có đáp án và lời giải chi tiết
- Chi phí thấp, hiệu quả cao
- Bài giảng dễ hiểu, minh họa trực quan",,,2026-02-27.mp4,TẠI SAO CON HỌC THÊM RÒNG RÃ MÀ ĐIỂM TOÁN VẪN DẬM CHÂN TẠI CHỖ?,TẠI SAO CON HỌC THÊM RÒNG RÃ MÀ ĐIỂM TOÁN VẪN DẬM CHÂN TẠI CHỖ?,,,,,,
191,code208,PR,Video,"- AI đồng hành 1 kèm 1 mọi lúc mọi nơi
- Luyện tập, luyện thi có đáp án và lời giải chi tiết
- Chi phí thấp, hiệu quả cao
- Bài giảng dễ hiểu, minh họa trực quan",,,BUT TOC 9D TOAN VOI KURIO.mp4,BỨT TỐC 9Đ TOÁN ÔN THI GIỮA KỲ II NGAY SAU KỲ NGHỈ LỄ,BỨT TỐC 9Đ TOÁN ÔN THI GIỮA KỲ II NGAY SAU KỲ NGHỈ LỄ 30/4,đã comment,,,,,
191,code209,PR,Video,"- AI đồng hành 1 kèm 1 mọi lúc mọi nơi
- Luyện tập, luyện thi có đáp án và lời giải chi tiết
- Chi phí thấp, hiệu quả cao
- Bài giảng dễ hiểu, minh họa trực quan",,,BUT PHA DIEM SO HK 2.mp4,BỨT PHÁ ĐIỂM SỐ HỌC KỲ 2 CÙNG GIA SƯ TOÁN AI KURIO,BỨT PHÁ ĐIỂM SỐ HỌC KỲ 2 CÙNG GIA SƯ TOÁN AI KURIO,ok,,code209+210,,,
191,code210,PR,Video,"- AI đồng hành 1 kèm 1 mọi lúc mọi nơi
- Luyện tập, luyện thi có đáp án và lời giải chi tiết
- Chi phí thấp, hiệu quả cao
- Bài giảng dễ hiểu, minh họa trực quan",,,TANG 4 DIEM CHI SAU 1 HOC KY_V2.mp4,TĂNG LIỀN 4 ĐIỂM TOÁN CHỈ SAU 1 HỌC KỲ CÙNG KURIO,TĂNG LIỀN 4 ĐIỂM TOÁN CHỈ SAU 1 HỌC KỲ CÙNG KURIO,đã comment,,code209+210,,,
191,code211,PR,Video,"- AI đồng hành 1 kèm 1 mọi lúc mọi nơi
- Luyện tập, luyện thi có đáp án và lời giải chi tiết
- Chi phí thấp, hiệu quả cao
- Bài giảng dễ hiểu, minh họa trực quan",,Chi phí học,,,VÀI TRĂM MỘT BUỔI HỌC TOÁN TƯ DUY THÌ TIỀN ĐÂU RA,,,,,,
191,code212,PR,Video,"- AI đồng hành 1 kèm 1 mọi lúc mọi nơi
- Luyện tập, luyện thi có đáp án và lời giải chi tiết
- Chi phí thấp, hiệu quả cao
- Bài giảng dễ hiểu, minh họa trực quan",,Phương pháp học,,,CON SẮP LÊN LỚP 2 MÀ LÀM TOÁN VẪN ĐẾM NGÓN TAY,v,,code214+212,,,
191,code213,PR,Video,"- AI đồng hành 1 kèm 1 mọi lúc mọi nơi
- Luyện tập, luyện thi có đáp án và lời giải chi tiết
- Chi phí thấp, hiệu quả cao
- Bài giảng dễ hiểu, minh họa trực quan",,"Phương pháp học, thi chuyển cấp",,,SẮP THI CHUYỀN CẤP MÀ CON VẪN HỔNG KIẾN THỨC TOÁN,,,,,,
191,code214,PR,Video,"- AI đồng hành 1 kèm 1 mọi lúc mọi nơi
- Luyện tập, luyện thi có đáp án và lời giải chi tiết
- Chi phí thấp, hiệu quả cao
- Bài giảng dễ hiểu, minh họa trực quan",,Phương pháp học,,,"KHÔNG HỌC THÊM, KHÔNG GIA SƯ CON VẪN 3 NĂM HỌC SINH GIỎI",v,,code214+212,,,
191,code215,PR,Video,"- AI đồng hành 1 kèm 1 mọi lúc mọi nơi
- Luyện tập, luyện thi có đáp án và lời giải chi tiết
- Chi phí thấp, hiệu quả cao
- Bài giảng dễ hiểu, minh họa trực quan",,Phương pháp học,,,TỰ HỌC TOÁN TRÊN KURIO KHÁC GÌ ĐI TRUNG TÂM HAY THUÊ GIA SƯ?,,,,,,
191,code216,PR,Video,"- AI đồng hành 1 kèm 1 mọi lúc mọi nơi
- Luyện tập, luyện thi có đáp án và lời giải chi tiết
- Chi phí thấp, hiệu quả cao
- Bài giảng dễ hiểu, minh họa trực quan",,stroytelling,,,"RÈN CON NGỒI HỌC TỰ GIÁC, TẬP TRUNG KHÔNG PHẢI MẸ NÀO BIẾT",,,Code216+217,,,
191,code217,PR,Video,"- AI đồng hành 1 kèm 1 mọi lúc mọi nơi
- Luyện tập, luyện thi có đáp án và lời giải chi tiết
- Chi phí thấp, hiệu quả cao
- Bài giảng dễ hiểu, minh họa trực quan",,stroytelling,,,"“Con học trường điểm, đi học thêm khắp nơi, mà thi toán vẫn lẹt đẹt” - Câu chuyện của chị đồng nghiệp",,,Code216+217,,,
191,code218,PR,Video,"- AI đồng hành 1 kèm 1 mọi lúc mọi nơi
- Luyện tập, luyện thi có đáp án và lời giải chi tiết
- Chi phí thấp, hiệu quả cao
- Bài giảng dễ hiểu, minh họa trực quan",,,,,,,,,,,
191,code219,PR,Video,"- AI đồng hành 1 kèm 1 mọi lúc mọi nơi
- Luyện tập, luyện thi có đáp án và lời giải chi tiết
- Chi phí thấp, hiệu quả cao
- Bài giảng dễ hiểu, minh họa trực quan",,,2025-11-21.mp4,,"Mở sách là ""ngáp ngắn ngáp dài"", học tập LẸT ĐẸT",,,Code219+176,,,
191,code220,PR,Video,"- AI đồng hành 1 kèm 1 mọi lúc mọi nơi
- Luyện tập, luyện thi có đáp án và lời giải chi tiết
- Chi phí thấp, hiệu quả cao
- Bài giảng dễ hiểu, minh họa trực quan",,stroytelling,,,"Con thông minh thôi chưa đủ, đừng để lười biếng đánh mất tương lai",,,Code220+221,,,
191,code221,PR,Video,"- AI đồng hành 1 kèm 1 mọi lúc mọi nơi
- Luyện tập, luyện thi có đáp án và lời giải chi tiết
- Chi phí thấp, hiệu quả cao
- Bài giảng dễ hiểu, minh họa trực quan",,stroytelling,,,Bí kíp trị “Lười học Toán”,,,Code220+221,,,
191,code222,PR,Video,"- AI đồng hành 1 kèm 1 mọi lúc mọi nơi
- Luyện tập, luyện thi có đáp án và lời giải chi tiết
- Chi phí thấp, hiệu quả cao
- Bài giảng dễ hiểu, minh họa trực quan",,stroytelling,,,Tôi từng rất tự tin rằng con mình thuộc tốp thông minh nhất lớp,,,code222+223,,,
191,code223,PR,Video,"- AI đồng hành 1 kèm 1 mọi lúc mọi nơi
- Luyện tập, luyện thi có đáp án và lời giải chi tiết
- Chi phí thấp, hiệu quả cao
- Bài giảng dễ hiểu, minh họa trực quan",,stroytelling,,,"GIÁO VIÊN 15 NĂM KINH NGHIỆM NÓI THẲNG: ""HỌC THÊM TOÁN KHÔNG GIÚP CON BẠN THÔNG MINH HƠN""",,,code222+223,,,
191,code224,PR,Video,"- AI đồng hành 1 kèm 1 mọi lúc mọi nơi
- Luyện tập, luyện thi có đáp án và lời giải chi tiết
- Chi phí thấp, hiệu quả cao
- Bài giảng dễ hiểu, minh họa trực quan",,stroytelling,,,,,,,,,
,code225,PR,Video,"- AI đồng hành 1 kèm 1 mọi lúc mọi nơi
- Luyện tập, luyện thi có đáp án và lời giải chi tiết
- Chi phí thấp, hiệu quả cao
- Bài giảng dễ hiểu, minh họa trực quan",,stroytelling,,,,,,,,,
,code226,PR,Video,"- AI đồng hành 1 kèm 1 mọi lúc mọi nơi
- Luyện tập, luyện thi có đáp án và lời giải chi tiết
- Chi phí thấp, hiệu quả cao
- Bài giảng dễ hiểu, minh họa trực quan",,stroytelling,,,,,,,,,
,code227,PR,Video,"- AI đồng hành 1 kèm 1 mọi lúc mọi nơi
- Luyện tập, luyện thi có đáp án và lời giải chi tiết
- Chi phí thấp, hiệu quả cao
- Bài giảng dễ hiểu, minh họa trực quan",,stroytelling,,,,,,,,,
,code228,PR,Video,"- AI đồng hành 1 kèm 1 mọi lúc mọi nơi
- Luyện tập, luyện thi có đáp án và lời giải chi tiết
- Chi phí thấp, hiệu quả cao
- Bài giảng dễ hiểu, minh họa trực quan",,stroytelling,,,,,,,,,